0,8,1031,Left
12,0,1043,Left
4,12,1043,Left
8,0,1051,Left
4,-4,1035,Left
0,0,1043,Left
12,0,1047,Left
0,4,1039,Left
8,8,1039,Left
4,4,1047,Left
0,12,1039,Left
12,8,1031,Left
4,8,1027,Left
8,4,1031,Left
4,8,1039,Left
12,4,1043,Left
8,8,1031,Left
4,12,1055,Left
12,4,1047,Left
4,4,1031,Left
8,0,1051,Left
16,-12,1035,Left
8,0,1051,Left
12,4,1031,Left
8,12,1051,Left
-4,8,1047,Left
4,0,1047,Left
8,4,1031,Left
12,16,1027,Left
8,12,1051,Left
8,0,1047,Left
0,12,1035,Left
4,12,1043,Left
8,-4,1031,Left
8,4,1047,Left
4,4,1047,Left
4,-4,1047,Left
0,-12,1039,Left
8,0,1047,Left
28,-51,1035,Left
8,38,1047,Left
12,12,1035,Left
8,-62,1035,Left
4,-35,1031,Left
8,-62,1066,Left
4,-16,1035,Left
28,-78,1043,Left
-4,-47,1020,Left
16,-27,1086,Left
-8,-19,1012,Left
16,-23,1039,Left
8,-8,1063,Left
-8,65,1043,Left
0,-31,1047,Left
0,34,1047,Left
-4,12,1066,Left
-38,34,1074,Left
8,-43,1039,Left
0,-66,1043,Left
-8,8,1074,Left
16,-98,1039,Left
0,30,1012,Left
24,8,1055,Left
-4,77,1051,Left
20,97,1109,Left
16,-31,1012,Left
12,-43,1059,Left
24,-43,1039,Left
39,-23,1043,Left
0,20,992,Left
12,89,1066,Left
-8,-86,1059,Left
4,-43,1035,Left
28,20,1016,Left
24,-31,1066,Left
0,77,1070,Left
35,4,941,Left
12,16,1039,Left
28,38,1035,Left
24,-98,1059,Left
-34,-27,1031,Left
20,-66,1012,Left
20,-74,1063,Left
24,-51,1043,Left
82,42,1059,Left
20,-59,1027,Left
-4,-55,1102,Left
-14,-78,1047,Left
-8,-129,1059,Left
55,-59,1148,Left
31,-144,965,Left
-38,4,1098,Left
-38,-90,1074,Left
-96,-47,1063,Left
82,42,1000,Left
51,-156,1039,Left
-4,-82,1086,Left
8,-19,1016,Left
86,-74,1121,Left
-30,58,1086,Left
-11,-105,1074,Left
145,-19,1086,Left
-104,-152,879,Left
39,132,1012,Left
82,20,1016,Left
20,-273,1164,Left
82,-156,957,Left
-11,-43,953,Left
-77,-31,988,Left
0,-187,1000,Left
-11,58,1188,Left
-22,-125,996,Left
20,12,1090,Left
110,-39,1055,Left
-85,-102,1125,Left
35,69,1102,Left
74,-4,1078,Left
145,-301,1109,Left
67,148,1094,Left
39,-152,1113,Left
168,-129,1008,Left
-30,-23,1160,Left
86,-98,996,Left
8,-117,1086,Left
0,-281,961,Left
-18,-133,1055,Left
0,-12,1125,Left
-143,77,1180,Left
-22,-172,1031,Left
-4,-55,1047,Left
35,-31,957,Left
-46,58,1031,Left
-26,-62,1047,Left
24,-117,1078,Left
51,327,1000,Left
31,-672,1121,Left
-57,140,1027,Left
-93,214,965,Left
-4,38,1070,Left
-38,4,1043,Left
-50,233,1043,Left
-18,-137,1090,Left
35,159,984,Left
-171,42,957,Left
39,-43,965,Left
-38,58,1113,Left
141,-51,1043,Left
8,42,1004,Left
55,-156,1059,Left
35,4,977,Left
20,-90,1047,Left
4,-16,973,Left
-4,30,992,Left
-8,-55,1113,Left
55,280,984,Left
16,-43,945,Left
-18,-86,941,Left
86,26,984,Left
86,89,930,Left
-73,-184,1070,Left
94,85,1051,Left
35,20,1043,Left
74,105,1020,Left
106,-62,1082,Left
8,167,1055,Left
-42,222,1039,Left
63,97,1027,Left
-65,69,1066,Left
-8,-51,1063,Left
-22,183,1031,Left
12,85,945,Left
24,65,1039,Left
28,-23,1039,Left
-30,58,1090,Left
-18,-105,949,Left
39,97,1012,Left
4,30,1055,Left
-18,-27,1055,Left
-46,69,996,Left
51,163,1043,Left
-50,175,981,Left
-38,93,1066,Left
31,-160,1059,Left
4,159,1039,Left
8,-12,1027,Left
-26,-51,1031,Left
-73,23,1012,Left
4,65,984,Left
4,171,1023,Left
-26,140,1047,Left
20,65,1047,Left
51,198,1059,Left
-4,97,1051,Left
20,214,1051,Left
-18,16,1039,Left
12,62,1051,Left
24,46,1043,Left
20,140,1039,Left
8,23,1035,Left
8,69,1039,Left
4,34,1051,Left
0,26,1035,Left
-11,12,1059,Left
-4,-19,1051,Left
0,0,1035,Left
4,16,1039,Left
0,-35,1043,Left
-4,-23,1051,Left
0,-19,1059,Left
4,8,1043,Left
8,23,1031,Left
-4,-12,1051,Left
12,-12,1031,Left
0,-4,1051,Left
4,-27,1039,Left
4,-31,1031,Left
0,-74,1039,Left
16,-51,1031,Left
-4,8,1047,Left
12,16,1039,Left
0,23,1027,Left
-4,-59,1047,Left
20,34,1043,Left
12,42,1039,Left
-4,-8,1055,Left
8,30,1039,Left
4,12,1035,Left
0,16,1043,Left
4,26,1043,Left
4,34,1047,Left
4,26,1047,Left
-4,20,1039,Left
0,26,1047,Left
-4,4,1031,Left
0,4,1039,Left
4,-4,1051,Left
0,8,1055,Left
0,4,1051,Left
0,0,1051,Left
4,-133,1039,Left
12,-8,1043,Left
4,-27,1039,Left
0,-47,1059,Left
0,-23,1047,Left
0,-8,1043,Left
24,23,1047,Left
4,-23,1051,Left
8,-35,1039,Left
-4,30,1039,Left
-4,16,1031,Left
16,4,1043,Left
4,-19,1020,Left
4,20,1043,Left
-4,12,1043,Left
-4,-12,1031,Left
4,-23,1043,Left
35,-70,1012,Left
-26,46,1063,Left
20,8,1043,Left
63,-164,1086,Left
20,20,1051,Left
16,8,1035,Left
20,0,1043,Left
4,12,1043,Left
12,0,1063,Left
4,12,1047,Left
4,8,1047,Left
16,-4,1039,Left
12,16,1059,Left
0,0,1055,Left
8,16,1031,Left
0,-12,1035,Left
8,-8,1043,Left
16,4,1039,Left
4,8,1059,Left
8,-8,1039,Left
16,0,1035,Left
4,8,1027,Left
8,4,1035,Left
4,4,1035,Left
12,4,1027,Left
4,12,1035,Left
4,-4,1051,Left
12,8,1035,Left
12,12,1059,Left
0,4,1043,Left
0,8,1043,Left
12,-8,1047,Left
4,0,1039,Left
8,0,1035,Left
0,8,1035,Left
4,4,1055,Left
16,-4,1035,Left
4,-4,1031,Left
0,12,1039,Left
8,8,1043,Left
8,4,1047,Left
0,0,1055,Left
4,0,1031,Left
12,-8,1063,Left
8,4,1047,Left
0,0,1004,Left
4,12,1066,Left
12,0,1027,Left
8,12,1043,Left
8,8,1043,Left
12,-4,1039,Left
8,4,1027,Left
4,8,1035,Left
4,-8,1043,Left
8,8,1043,Left
12,-8,1031,Left
-4,0,1051,Left
12,-4,1027,Left
8,12,1043,Left
12,0,1043,Left
0,12,1039,Left
8,4,1035,Left
20,4,1039,Left
12,4,1039,Left
4,4,1039,Left
12,-8,1043,Left
12,4,1031,Left
20,0,1043,Left
12,8,1051,Left
16,-12,1035,Left
12,-4,1043,Left
8,-4,1035,Left
12,0,1027,Left
4,4,1047,Left
8,8,1047,Left
4,-4,1043,Left
4,4,1039,Left
16,-4,1027,Left
8,0,1039,Left
8,-4,1043,Left
8,-4,1023,Left
20,-8,1043,Left
8,0,1047,Left
0,12,1043,Left
8,8,1027,Left
16,-4,1043,Left
12,0,1047,Left
16,4,1039,Left
4,4,1043,Left
8,8,1039,Left
0,4,1039,Left
8,0,1027,Left
8,8,1039,Left
8,0,1055,Left
0,0,1039,Left
8,-4,1051,Left
4,4,1047,Left
16,4,1027,Left
8,0,1047,Left
4,8,1039,Left
12,8,1035,Left
4,16,1039,Left
16,-4,1059,Left
24,4,1031,Left
0,4,1043,Left
16,4,1035,Left
16,0,1035,Left
12,8,1027,Left
8,12,1043,Left
4,8,1043,Left
8,12,1035,Left
-4,4,1035,Left
8,4,1035,Left
8,-4,1039,Left
8,8,1039,Left
0,4,1043,Left
12,0,1039,Left
12,8,1047,Left
4,0,1047,Left
0,8,1043,Left
12,-4,1047,Left
12,-4,1027,Left
12,8,1035,Left
0,12,1051,Left
4,-4,1031,Left
12,12,1047,Left
4,0,1039,Left
20,-4,1039,Left
8,4,1039,Left
-147,222,1023,Left
28,-133,1055,Left
39,-371,1039,Left
20,-605,1051,Left
-18,-371,1031,Left
102,-469,1156,Left
16,-144,1023,Left
28,-266,1012,Left
0,-180,1012,Left
90,-289,996,Left
47,-320,1094,Left
71,-492,1137,Left
125,-336,1082,Left
176,-449,1012,Left
215,-469,1184,Left
16,-449,988,Left
31,-531,1051,Left
-163,-137,1086,Left
20,-98,1145,Left
-136,-379,1043,Left
35,-172,1109,Left
-85,-273,934,Left
39,-273,1250,Left
-147,20,1117,Left
102,-207,1156,Left
153,-195,1094,Left
74,-277,1137,Left
0,230,953,Left
-159,-62,1043,Left
-300,-437,1184,Left
321,339,926,Left
114,218,1180,Left
-14,89,1059,Left
-81,-422,977,Left
-69,-62,1145,Left
-4,-133,938,Left
297,-320,1102,Left
246,-102,1027,Left
-182,34,1004,Left
-46,956,789,Left
-397,-164,871,Left
90,319,1047,Left
-132,-23,1027,Left
-104,773,992,Left
207,-156,1137,Left
207,694,1094,Left
176,257,973,Left
-4,241,1129,Left
-296,108,1094,Left
-81,253,1000,Left
35,511,1027,Left
196,108,1078,Left
-22,20,1043,Left
106,315,973,Left
-42,206,981,Left
20,312,1051,Left
28,167,1070,Left
51,144,1027,Left
160,452,1129,Left
51,347,1031,Left
-30,-43,1020,Left
-57,116,1023,Left
-116,257,1102,Left
-11,-187,1078,Left
31,101,1043,Left
-171,-8,984,Left
67,233,1082,Left
0,-117,981,Left
153,308,1074,Left
67,280,992,Left
12,194,1035,Left
-85,292,1059,Left
-4,140,977,Left
16,-62,1016,Left
-14,187,1023,Left
28,42,1066,Left
31,97,1016,Left
-4,101,1070,Left
28,-98,1070,Left
39,42,1027,Left
0,26,1039,Left
-85,77,1074,Left
16,54,1016,Left
12,171,1035,Left
47,-19,1051,Left
4,77,1035,Left
8,112,1012,Left
-4,144,1043,Left
16,50,1035,Left
12,148,1066,Left
-4,210,1047,Left
-4,81,1047,Left
8,23,1043,Left
12,0,1035,Left
0,4,1039,Left
4,8,1043,Left
0,-4,1043,Left
4,-4,1055,Left
16,-4,1031,Left
0,-4,1047,Left
4,4,1039,Left
0,4,1035,Left
8,-8,1027,Left
8,-8,1043,Left
8,-4,1051,Left
4,-8,1039,Left
16,-12,1039,Left
-8,8,1047,Left
0,-4,1047,Left
0,-4,1047,Left
8,8,1031,Left
4,0,1039,Left
8,0,1051,Left
12,0,1031,Left
8,0,1047,Left
12,-8,1039,Left
0,-8,1051,Left
4,4,1051,Left
8,12,1039,Left
0,-4,1039,Left
12,0,1047,Left
8,-4,1043,Left
4,4,1031,Left
8,-4,1043,Left
0,4,1039,Left
12,0,1039,Left
-4,-4,1047,Left
8,4,1055,Left
8,12,1051,Left
16,4,1047,Left
0,0,1027,Left
8,0,1066,Left
12,8,1047,Left
4,4,1043,Left
12,0,1043,Left
8,8,1043,Left
4,0,1047,Left
0,-4,1039,Left
16,4,1055,Left
8,4,1043,Left
20,4,1031,Left
8,16,1039,Left
4,20,1063,Left
12,0,1023,Left
8,0,1055,Left
20,4,1047,Left
8,8,1035,Left
8,4,1031,Left
8,8,1047,Left
12,8,1039,Left
8,12,1035,Left
4,0,1035,Left
0,4,1031,Left
8,12,1039,Left
20,0,1043,Left
8,4,1031,Left
8,-8,1027,Left
8,0,1047,Left
0,4,1035,Left
12,12,1051,Left
4,8,1051,Left
12,-4,1039,Left
8,0,1039,Left
12,8,1031,Left
16,0,1043,Left
4,4,1039,Left
8,16,1027,Left
12,4,1035,Left
0,4,1047,Left
4,8,1035,Left
0,8,1051,Left
-11,-31,1039,Left
24,26,1035,Left
12,-4,1047,Left
4,8,1039,Left
4,12,1039,Left
4,0,1059,Left
12,-4,1039,Left
12,16,1043,Left
31,81,1039,Left
28,26,1051,Left
-4,-43,1039,Left
31,46,1043,Left
-11,4,1027,Left
-26,73,1047,Left
106,-8,1043,Left
16,-8,1035,Left
-4,26,1035,Left
28,46,1051,Left
16,-43,1023,Left
0,-59,1035,Left
28,-59,1023,Left
35,0,1051,Left
4,26,1047,Left
0,-129,1035,Left
4,0,1039,Left
8,16,1043,Left
20,-16,1039,Left
12,-23,1031,Left
-4,-8,1055,Left
12,8,1035,Left
16,-4,1043,Left
16,4,1027,Left
4,8,1039,Left
8,8,1039,Left
16,4,1043,Left
16,8,1043,Left
4,12,1051,Left
12,-4,1039,Left
0,-8,1039,Left
4,12,1063,Left
16,0,1043,Left
16,12,1047,Left
16,4,1047,Left
8,4,1043,Left
8,4,1031,Left
4,-8,1023,Left
4,-4,1043,Left
8,0,1039,Left
12,0,1066,Left
16,0,1027,Left
8,12,1043,Left
0,4,1023,Left
4,12,1039,Left
0,12,1047,Left
4,8,1051,Left
12,0,1039,Left
4,-8,1039,Left
4,0,1039,Left
4,0,1039,Left
4,4,1035,Left
4,8,1035,Left
8,-4,1023,Left
4,4,1051,Left
0,4,1043,Left
12,4,1039,Left
4,8,1031,Left
4,-4,1035,Left
0,4,1051,Left
12,8,1035,Left
8,4,1035,Left
8,0,1051,Left
4,0,1031,Left
8,12,1039,Left
4,12,1043,Left
-4,12,1047,Left
8,0,1043,Left
4,0,1051,Left
4,-8,1031,Left
4,4,1039,Left
20,8,1043,Left
12,8,1039,Left
0,12,1047,Left
12,0,1043,Left
8,-4,1031,Left
4,0,1035,Left
24,23,1039,Left
12,23,1043,Left
4,8,1035,Left
8,-74,1047,Left
4,23,1031,Left
12,-98,1047,Left
-4,-117,1035,Left
-11,-191,1039,Left
28,-16,1043,Left
16,-98,1043,Left
-14,0,1031,Left
31,-16,1055,Left
20,-90,1027,Left
55,-19,1012,Left
35,-156,1074,Left
35,-51,1043,Left
31,-109,1074,Left
90,-86,1039,Left
-100,-176,981,Left
-81,-117,1016,Left
-46,-78,1074,Left
102,-121,1012,Left
-38,-207,984,Left
-57,-66,1094,Left
-46,-246,1137,Left
8,-227,1137,Left
156,-164,1008,Left
86,-98,1109,Left
-42,-117,1004,Left
114,-8,1051,Left
16,-332,981,Left
-61,-94,1078,Left
-81,-12,1172,Left
43,12,1117,Left
-73,-277,1043,Left
35,-176,1090,Left
-65,-195,992,Left
-42,-19,1113,Left
4,-144,1027,Left
-38,-90,973,Left
-73,-207,1117,Left
24,-59,1008,Left
-30,-121,969,Left
-11,-285,1043,Left
63,-27,973,Left
55,-168,945,Left
-46,-27,981,Left
16,-426,1129,Left
-42,50,949,Left
43,-94,977,Left
35,132,1016,Left
47,-74,1008,Left
-65,-82,1066,Left
-132,148,1109,Left
90,-16,1047,Left
20,-250,1039,Left
-96,-266,1039,Left
-139,-121,1039,Left
102,249,1039,Left
-124,-47,883,Left
-85,159,992,Left
24,-35,1059,Left
63,38,1109,Left
-69,-164,977,Left
55,50,945,Left
47,73,1031,Left
28,-55,1059,Left
-50,175,1055,Left
184,12,1078,Left
-50,-359,1027,Left
-50,554,1336,Left
395,-738,1227,Left
98,308,1090,Left
35,-39,1027,Left
31,-55,1063,Left
-89,77,1066,Left
-61,101,981,Left
90,167,1043,Left
110,105,1074,Left
4,210,1063,Left
47,-4,1109,Left
0,26,1059,Left
-14,171,1004,Left
16,34,1066,Left
8,-254,1066,Left
-4,-117,965,Left
-73,62,1059,Left
90,34,996,Left
8,-207,1047,Left
106,101,1031,Left
24,42,1000,Left
28,-187,1063,Left
-116,58,1121,Left
137,155,1016,Left
35,-35,1059,Left
-4,183,988,Left
16,265,1008,Left
4,155,1016,Left
-198,-51,1098,Left
137,148,1051,Left
43,144,988,Left
12,-66,1109,Left
-53,550,981,Left
-50,245,1027,Left
-38,261,1063,Left
-100,261,1094,Left
-18,218,1047,Left
31,198,1059,Left
12,116,1047,Left
35,210,1027,Left
-8,308,1066,Left
35,237,1012,Left
28,276,1043,Left
39,151,1016,Left
28,81,1043,Left
55,237,1035,Left
39,136,1031,Left
31,120,1020,Left
16,108,1043,Left
4,159,1023,Left
4,58,1051,Left
4,38,1035,Left
-4,8,1035,Left
-4,0,1047,Left
8,-4,1023,Left
4,0,1043,Left
-4,4,1031,Left
8,4,1039,Left
4,4,1035,Left
12,0,1043,Left
4,16,1047,Left
12,-4,1039,Left
12,0,1047,Left
4,8,1043,Left
12,4,1039,Left
12,-4,1047,Left
12,0,1031,Left
12,0,1047,Left
8,0,1035,Left
12,8,1035,Left
4,-4,1031,Left
8,-4,1055,Left
4,23,1031,Left
-69,-12,1840,Left
4,-8,1043,Left
12,0,1047,Left
8,0,1051,Left
12,4,1043,Left
4,4,1035,Left
0,16,1047,Left
8,8,1039,Left
8,12,1035,Left
-4,12,1043,Left
8,-4,1035,Left
8,4,1035,Left
0,0,1051,Left
0,0,1031,Left
12,-4,1035,Left
4,0,1047,Left
4,12,1031,Left
-4,4,1031,Left
8,0,1055,Left
8,0,1027,Left
4,8,1035,Left
8,0,1047,Left
8,-4,1035,Left
-4,-4,1035,Left
16,8,1043,Left
12,0,1027,Left
4,8,1031,Left
0,8,1047,Left
0,12,1047,Left
4,-4,1039,Left
4,12,1039,Left
8,8,1027,Left
4,0,1031,Left
4,-4,1039,Left
0,12,1035,Left
8,0,1043,Left
12,0,1047,Left
0,8,1035,Left
8,-8,1039,Left
8,0,1035,Left
4,12,1035,Left
8,8,1031,Left
4,12,1039,Left
0,0,1035,Left
4,0,1055,Left
0,8,1035,Left
16,-8,1043,Left
12,-4,1031,Left
12,8,1047,Left
12,8,1035,Left
12,-4,1023,Left
4,4,1027,Left
4,8,1039,Left
12,-4,1043,Left
12,-8,1039,Left
8,-8,1031,Left
16,0,1039,Left
8,-4,1047,Left
8,-4,1035,Left
4,0,1039,Left
8,4,1035,Left
8,-4,1043,Left
12,4,1039,Left
16,-8,1043,Left
12,-8,1039,Left
8,4,1035,Left
12,4,1027,Left
4,4,1031,Left
12,0,1039,Left
12,4,1023,Left
8,4,1035,Left
12,-8,1043,Left
12,4,1043,Left
16,0,1043,Left
4,4,1039,Left
12,-8,1047,Left
0,8,1035,Left
0,0,1043,Left
16,4,1027,Left
4,8,1035,Left
4,0,1023,Left
-4,12,1051,Left
8,0,1047,Left
4,4,1039,Left
8,0,1035,Left
4,0,1023,Left
16,4,1047,Left
8,8,1035,Left
12,4,1039,Left
12,-12,1031,Left
12,8,1039,Left
12,8,1047,Left
0,-4,1016,Left
4,-4,1035,Left
16,0,1031,Left
4,0,1059,Left
4,4,1035,Left
4,4,1043,Left
8,0,1031,Left
8,-4,1031,Left
16,-4,1035,Left
8,4,1047,Left
8,0,1043,Left
0,8,1031,Left
16,-4,1055,Left
20,-12,1027,Left
-4,4,1063,Left
16,-4,1039,Left
8,0,1047,Left
4,4,1035,Left
12,0,1039,Left
4,8,1027,Left
4,12,1035,Left
4,0,1035,Left
4,8,1039,Left
4,-12,1027,Left
4,-4,1047,Left
0,8,1039,Left
4,0,1035,Left
4,4,1043,Left
4,12,1051,Left
8,0,1047,Left
4,-4,1035,Left
4,8,1047,Left
8,12,1035,Left
8,4,1035,Left
8,-4,1051,Left
8,-4,1047,Left
-11,-51,1027,Left
20,12,1023,Left
4,-4,1031,Left
16,0,1047,Left
0,-19,1023,Left
8,-4,1031,Left
8,8,1039,Left
0,-55,1039,Left
20,-78,1031,Left
8,-137,1051,Left
20,-121,1035,Left
-8,-207,1023,Left
8,-94,1023,Left
31,-215,1051,Left
-104,-31,1047,Left
-38,-102,1074,Left
24,-254,1035,Left
31,-180,1023,Left
20,-187,1020,Left
12,-269,1055,Left
55,4,1031,Left
4,-129,992,Left
24,-98,1031,Left
35,-332,984,Left
-8,-406,981,Left
-30,-164,1047,Left
-38,-117,965,Left
-18,-82,938,Left
-38,-113,996,Left
-136,8,1059,Left
86,-215,996,Left
-26,-82,984,Left
47,-180,1055,Left
71,16,1016,Left
137,-277,1082,Left
59,-398,1055,Left
-42,-219,1027,Left
137,-74,1039,Left
24,-258,1012,Left
129,-266,1035,Left
43,-352,1035,Left
-26,-258,1039,Left
-26,-344,1078,Left
192,-394,1094,Left
164,-352,1074,Left
90,-523,957,Left
0,-519,1016,Left
-22,-617,1020,Left
-143,-336,1078,Left
-120,-269,996,Left
78,-359,1078,Left
0,-66,996,Left
305,-59,1113,Left
352,-62,1016,Left
94,-453,637,Left
-175,315,1039,Left
-46,-609,1082,Left
-171,-98,770,Left
-65,390,992,Left
211,398,1039,Left
20,257,1051,Left
164,417,992,Left
-11,515,1070,Left
20,495,1102,Left
160,718,1012,Left
-8,655,1109,Left
-167,620,953,Left
-159,401,977,Left
-14,401,1000,Left
-116,171,1059,Left
-38,237,1082,Left
-96,429,961,Left
-108,472,1098,Left
-30,460,1066,Left
-30,554,1012,Left
31,390,1020,Left
86,526,1074,Left
59,194,1023,Left
110,515,1066,Left
94,331,1059,Left
8,233,1086,Left
12,312,1047,Left
94,179,1027,Left
86,202,1012,Left
71,148,1043,Left
59,112,1035,Left
55,105,1039,Left
8,8,1031,Left
-4,4,1035,Left
4,12,1035,Left
8,4,1031,Left
4,12,1043,Left
16,62,1039,Left
-22,-129,1027,Left
8,0,1035,Left
0,4,1043,Left
4,-4,1043,Left
0,-4,1043,Left
8,-8,1035,Left
12,-8,1043,Left
8,0,1020,Left
0,0,1039,Left
16,-8,1043,Left
12,-4,1031,Left
4,0,1031,Left
4,-8,1055,Left
0,12,1035,Left
0,8,1035,Left
8,0,1039,Left
8,4,1035,Left
4,4,1039,Left
0,4,1043,Left
8,12,1039,Left
8,8,1031,Left
4,0,1043,Left
8,-19,1043,Left
8,12,1039,Left
8,4,1043,Left
8,4,1023,Left
4,-4,1043,Left
0,0,1031,Left
12,12,1039,Left
12,4,1039,Left
8,-4,1043,Left
16,-4,1039,Left
8,-4,1039,Left
12,-4,1031,Left
4,12,1047,Left
12,-4,1039,Left
4,8,1043,Left
8,4,1039,Left
8,4,1043,Left
8,8,1043,Left
8,4,1031,Left
-4,12,1047,Left
4,12,1043,Left
12,8,1051,Left
0,0,1043,Left
4,-4,1031,Left
8,4,1027,Left
12,-12,1035,Left
12,4,1031,Left
8,0,1031,Left
0,-4,1027,Left
8,8,1039,Left
8,16,1027,Left
8,0,1035,Left
8,-4,1047,Left
8,8,1039,Left
4,12,1039,Left
12,4,1035,Left
4,12,1043,Left
8,0,1039,Left
4,4,1035,Left
8,12,1027,Left
8,16,1047,Left
8,0,1043,Left
0,4,1035,Left
8,0,1047,Left
0,0,1039,Left
4,-4,1031,Left
4,12,1027,Left
12,8,1039,Left
8,16,1004,Left
4,4,1074,Left
4,4,1031,Left
12,8,1055,Left
8,0,1035,Left
8,-4,1020,Left
16,4,1031,Left
8,-4,1027,Left
24,0,1047,Left
8,0,1031,Left
16,4,1031,Left
0,4,1031,Left
12,-8,1027,Left
12,0,1031,Left
8,8,1039,Left
8,-8,1031,Left
4,12,1027,Left
0,4,1023,Left
4,0,1031,Left
12,-8,1039,Left
8,-4,1035,Left
0,-8,1023,Left
8,4,1035,Left
0,4,1031,Left
8,8,1035,Left
0,-4,1043,Left
16,4,1047,Left
8,4,1035,Left
4,4,1043,Left
16,4,1043,Left
8,4,1031,Left
8,8,1031,Left
4,0,1039,Left
-4,-4,1035,Left
8,12,1047,Left
4,4,1039,Left
0,12,1043,Left
8,4,1043,Left
4,0,1027,Left
0,0,1039,Left
8,4,1039,Left
8,4,1043,Left
0,12,1043,Left
8,-4,1023,Left
4,0,1047,Left
4,12,1035,Left
4,-4,1035,Left
8,12,1051,Left
4,4,1051,Left
4,8,1031,Left
-4,16,1043,Left
4,0,1031,Left
0,12,1035,Left
4,4,1035,Left
8,0,1031,Left
12,0,1035,Left
8,4,1027,Left
0,8,1043,Left
4,4,1039,Left
8,-4,1039,Left
12,0,1035,Left
8,16,1027,Left
4,0,1031,Left
8,0,1031,Left
8,4,1047,Left
4,12,1031,Left
4,4,1035,Left
4,4,1043,Left
16,0,1039,Left
0,0,1035,Left
12,-4,1043,Left
4,8,1043,Left
4,-4,1039,Left
-4,-4,1055,Left
8,8,1035,Left
8,0,1039,Left
8,4,1031,Left
12,-125,1031,Left
16,26,1039,Left
16,-137,1043,Left
8,-187,1035,Left
20,-187,1035,Left
8,-203,1020,Left
16,-191,1020,Left
16,-90,1012,Left
28,-27,1004,Left
-8,-70,1023,Left
-50,-62,1063,Left
28,-254,1055,Left
-14,16,1035,Left
-22,-242,1074,Left
35,-176,1043,Left
35,-51,1039,Left
16,-47,1016,Left
28,-117,1051,Left
-18,-78,969,Left
-8,-144,1027,Left
47,-70,1016,Left
16,-125,1074,Left
16,-137,1004,Left
-18,-242,1016,Left
-65,-86,1035,Left
86,-187,1078,Left
-4,-35,1027,Left
67,-234,1027,Left
63,0,1020,Left
-18,-12,1121,Left
106,-82,969,Left
-26,-23,1082,Left
4,-109,1039,Left
-116,-223,1090,Left
0,-137,1086,Left
78,-121,1055,Left
-81,-258,1008,Left
-46,105,1070,Left
90,-98,1039,Left
-81,4,977,Left
67,-4,992,Left
4,-82,1035,Left
55,-78,1070,Left
28,-12,1102,Left
-319,-4,961,Left
207,-43,977,Left
28,34,1059,Left
-81,-98,977,Left
-11,-180,1051,Left
-22,-141,1078,Left
215,34,1008,Left
-89,-234,1082,Left
24,-465,988,Left
20,-74,969,Left
-89,-379,1023,Left
12,-215,1086,Left
78,-598,992,Left
-57,-207,1102,Left
90,-945,1066,Left
141,-703,1094,Left
-202,-430,965,Left
-112,-465,914,Left
121,-113,1020,Left
-471,-352,1035,Left
78,-480,1063,Left
156,651,1059,Left
-194,265,1145,Left
-303,136,1066,Left
-225,183,973,Left
28,194,1098,Left
-210,546,969,Left
8,444,1031,Left
-81,495,965,Left
-42,421,1063,Left
31,538,996,Left
31,780,1133,Left
-159,343,1035,Left
-73,581,1055,Left
110,1085,1059,Left
-241,554,1047,Left
-22,815,1023,Left
67,480,1059,Left
16,675,961,Left
-8,464,1039,Left
39,339,1043,Left
86,429,1074,Left
63,280,1027,Left
55,237,1031,Left
47,62,1043,Left
-4,16,1031,Left
4,8,1035,Left
8,8,1035,Left
12,42,1047,Left
4,-8,1035,Left
0,-8,1055,Left
-8,-4,1039,Left
-8,-12,1051,Left
12,-12,1035,Left
4,-16,1051,Left
4,-16,1039,Left
0,-16,1039,Left
-4,-12,1039,Left
-4,-8,1035,Left
0,23,1043,Left
4,23,1043,Left
8,4,1043,Left
0,8,1035,Left
-4,8,1035,Left
12,8,1043,Left
12,8,1035,Left
4,16,1039,Left
-4,8,1043,Left
4,0,1043,Left
4,4,1035,Left
0,0,1035,Left
0,0,1043,Left
0,0,1035,Left
0,0,1031,Left
0,-8,1043,Left
0,-4,1039,Left
4,16,1055,Left
0,-27,1051,Left
-4,-8,1039,Left
0,-8,1035,Left
4,0,1020,Left
-4,4,1031,Left
0,-12,1051,Left
4,0,1055,Right
12,0,1043,Right
8,0,1047,Right
0,4,1039,Right
0,-8,1035,Right
-4,4,1020,Right
4,0,1051,Right
0,0,1051,Right
-4,8,1039,Right
0,0,1035,Right
-4,4,1043,Right
-8,4,1035,Right
-4,4,1035,Right
-8,8,1039,Right
8,-4,1031,Right
4,-4,1043,Right
0,4,1043,Right
8,4,1047,Right
4,0,1055,Right
-4,12,1031,Right
-4,-4,1043,Right
-4,0,1047,Right
0,0,1031,Right
4,12,1035,Right
4,-4,1023,Right
0,0,1043,Right
0,8,1039,Right
-8,4,1016,Right
0,8,1047,Right
4,-4,1031,Right
12,-4,1047,Right
20,0,1043,Right
4,-12,1039,Right
-4,4,1020,Right
4,-4,1043,Right
8,-12,1043,Right
-8,4,1039,Right
0,4,1035,Right
4,0,1039,Right
0,0,1039,Right
8,-8,1043,Right
0,0,1047,Right
4,-4,1039,Right
16,-4,1051,Right
4,12,1039,Right
0,0,1039,Right
-4,0,1047,Right
0,-12,1039,Right
8,-8,1043,Right
0,0,1031,Right
4,-4,1043,Right
0,-4,1051,Right
0,16,1039,Right
20,4,1039,Right
0,0,1043,Right
0,8,1039,Right
8,-4,1039,Right
0,12,1039,Right
4,-8,1047,Right
4,4,1039,Right
-4,4,1031,Right
0,0,1043,Right
4,8,1039,Right
0,8,1031,Right
8,-4,1051,Right
-4,-4,1043,Right
4,0,1035,Right
4,12,1035,Right
-4,0,1035,Right
-8,4,1047,Right
-4,12,1035,Right
8,-4,1035,Right
8,-4,1051,Right
-8,4,1027,Right
4,8,1031,Right
4,12,1055,Right
-4,8,1035,Right
8,0,1043,Right
8,-4,1035,Right
4,0,1027,Right
12,-8,1043,Right
-8,8,1043,Right
-4,0,1043,Right
0,12,1047,Right
4,4,1031,Right
4,0,1043,Right
4,0,1035,Right
-8,12,1035,Right
0,4,1043,Right
-4,4,1016,Right
8,0,1035,Right
4,-8,1027,Right
0,4,1031,Right
8,-4,1031,Right
-4,-8,1023,Right
8,-4,1027,Right
0,8,1031,Right
4,4,1051,Right
0,0,1043,Right
4,-4,1059,Right
0,4,1023,Right
8,0,1039,Right
4,-4,1039,Right
-4,0,1035,Right
8,0,1031,Right
-4,-8,1039,Right
0,-8,1023,Right
4,-4,1031,Right
4,12,1035,Right
12,-4,1043,Right
0,-4,1043,Right
4,-4,1035,Right
0,-4,1043,Right
0,-4,1039,Right
-4,8,1027,Right
4,4,1027,Right
0,-4,1039,Right
-4,0,1039,Right
4,0,1031,Right
0,4,1039,Right
4,4,1039,Right
8,0,1039,Right
0,4,1039,Right
8,-4,1043,Right
4,-4,1027,Right
8,0,1051,Right
24,206,1031,Right
8,0,1047,Right
0,8,1035,Right
16,16,1047,Right
-8,30,1031,Right
-4,23,1043,Right
-4,30,1039,Right
8,42,1035,Right
0,30,1035,Right
-4,136,1035,Right
-11,155,1023,Right
-8,62,1047,Right
-22,65,1023,Right
-8,81,1043,Right
20,46,1039,Right
8,8,1023,Right
20,128,1035,Right
31,73,1027,Right
16,54,1031,Right
47,69,1070,Right
-18,-19,1008,Right
-11,108,1012,Right
-26,58,1035,Right
47,163,1004,Right
-4,198,1035,Right
-4,73,1039,Right
-4,34,1082,Right
55,23,1055,Right
4,140,1039,Right
47,155,1047,Right
-26,30,1047,Right
12,167,1043,Right
31,190,1000,Right
-69,179,1027,Right
12,120,981,Right
20,120,1031,Right
31,167,1023,Right
-14,97,1051,Right
106,151,1051,Right
39,148,992,Right
-89,-8,1016,Right
12,237,1043,Right
145,-27,1035,Right
47,148,1082,Right
74,335,1086,Right
-65,249,1090,Right
106,206,1066,Right
-268,440,1012,Right
-26,335,1137,Right
20,366,1086,Right
-100,398,1090,Right
-143,280,1035,Right
-233,378,1109,Right
90,464,961,Right
-155,167,887,Right
-93,636,1012,Right
106,355,1008,Right
-8,671,1043,Right
242,655,1129,Right
0,288,949,Right
-124,280,887,Right
137,198,1164,Right
114,733,1004,Right
-34,183,1082,Right
71,-129,1012,Right
-128,-94,953,Right
-46,351,914,Right
-120,105,1070,Right
-104,237,1023,Right
63,-289,1035,Right
98,-195,973,Right
-85,-223,996,Right
24,-980,1000,Right
-18,-223,961,Right
-57,-855,1086,Right
35,-723,981,Right
-50,-1027,1066,Right
-57,-992,879,Right
-89,-715,1035,Right
31,-867,1063,Right
51,-930,992,Right
55,-828,1039,Right
28,-730,1051,Right
-4,-644,992,Right
-50,-656,1016,Right
35,-453,1059,Right
16,-344,1035,Right
20,-94,1027,Right
0,-8,1039,Right
12,-12,1035,Right
20,4,1043,Right
24,8,1043,Right
16,23,1043,Right
4,-4,1035,Right
16,12,1051,Right
8,23,1039,Right
16,0,1027,Right
4,-16,1039,Right
20,0,1063,Right
0,12,1051,Right
4,12,1035,Right
8,12,1039,Right
4,8,1023,Right
8,8,1039,Right
8,-4,1039,Right
16,0,1027,Right
0,-4,1039,Right
12,-8,1051,Right
8,-8,1035,Right
12,0,1027,Right
4,8,1031,Right
8,12,1023,Right
4,12,1043,Right
16,4,1051,Right
20,12,1027,Right
12,0,1035,Right
12,12,1047,Right
8,8,1047,Right
20,4,1055,Right
20,8,1035,Right
8,20,1027,Right
12,16,1039,Right
8,4,1035,Right
8,16,1031,Right
0,16,1035,Right
12,8,1039,Right
20,12,1039,Right
8,4,1031,Right
0,8,1055,Right
16,12,1043,Right
-18,151,1148,Right
59,218,898,Right
-11,249,988,Right
-93,187,1039,Right
8,233,1191,Right
-14,214,1043,Right
-73,140,1051,Right
-11,222,1043,Right
98,85,957,Right
-8,167,1098,Right
-11,-31,777,Right
63,77,1039,Right
71,187,1125,Right
110,233,1129,Right
-30,202,984,Right
16,265,941,Right
24,245,930,Right
86,253,1125,Right
51,140,1098,Right
86,144,1059,Right
74,171,1121,Right
90,148,1172,Right
67,120,1047,Right
16,73,973,Right
16,69,996,Right
67,112,1051,Right
51,89,984,Right
47,89,1055,Right
-30,-12,930,Right
8,85,1027,Right
16,58,1047,Right
28,81,1012,Right
-38,26,1016,Right
-96,8,973,Right
4,4,1012,Right
86,128,1074,Right
110,89,1043,Right
121,77,1059,Right
-38,30,1000,Right
24,-19,996,Right
-42,20,1012,Right
43,23,1020,Right
-46,85,1008,Right
12,16,1039,Right
31,30,1047,Right
-8,34,1027,Right
-50,54,1004,Right
-42,23,1043,Right
-729,194,1074,Right
28,-12,1109,Right
-57,-51,1027,Right
31,-94,1051,Right
-34,34,1043,Right
28,-27,1023,Right
-11,26,1027,Right
24,-19,1039,Right
16,-8,1051,Right
129,-78,1047,Right
12,16,1035,Right
8,-16,1043,Right
12,16,1039,Right
8,0,1051,Right
0,20,1043,Right
0,4,1035,Right
4,-16,1039,Right
-4,-4,1035,Right
-4,4,1039,Right
-4,0,1035,Right
0,0,1039,Right
0,16,1039,Right
4,-4,1043,Right
0,4,1035,Right
-4,-8,1031,Right
4,8,1020,Right
0,16,1043,Right
8,-8,1043,Right
8,-4,1043,Right
8,-4,1035,Right
4,4,1027,Right
4,-4,1039,Right
0,4,1031,Right
4,4,1035,Right
0,0,1023,Right
-8,8,1043,Right
4,-8,1035,Right
8,-12,1023,Right
0,0,1031,Right
8,-8,1023,Right
8,8,1035,Right
0,4,1035,Right
0,-8,1035,Right
0,16,1047,Right
8,0,1031,Right
4,-4,1039,Right
4,0,1039,Right
0,4,1043,Right
-4,4,1027,Right
4,-12,1051,Right
0,4,1035,Right
0,0,1039,Right
4,0,1043,Right
4,-4,1043,Right
4,0,1035,Right
4,0,1039,Right
-4,-8,1039,Right
0,-12,1051,Right
-4,4,1035,Right
-4,0,1043,Right
8,4,1051,Right
4,-19,1035,Right
8,69,1047,Right
0,62,1043,Right
-14,105,1031,Right
-4,23,1043,Right
0,69,1031,Right
8,42,1063,Right
0,101,1008,Right
16,187,1012,Right
24,38,1023,Right
35,112,1016,Right
-11,-23,1020,Right
-42,85,1066,Right
-42,105,996,Right
-8,233,984,Right
78,163,1063,Right
-14,136,1094,Right
-8,202,1051,Right
20,175,1074,Right
106,140,996,Right
4,12,996,Right
-18,148,1004,Right
-14,370,1035,Right
4,276,996,Right
145,194,1078,Right
-38,288,1109,Right
-65,280,1023,Right
164,241,1055,Right
114,519,969,Right
-128,276,1066,Right
67,300,1121,Right
-73,409,922,Right
305,288,988,Right
-120,425,1109,Right
98,409,941,Right
82,444,977,Right
90,456,1109,Right
-34,425,1160,Right
43,554,1070,Right
110,546,1277,Right
137,300,1027,Right
-53,745,934,Right
-46,218,934,Right
-108,-19,1113,Right
-65,105,1012,Right
-69,315,945,Right
102,382,844,Right
-42,269,1129,Right
-296,116,1180,Right
-190,124,1020,Right
94,-148,1066,Right
-85,8,1047,Right
-85,132,1188,Right
-136,-164,1109,Right
-182,-535,1113,Right
-104,-535,1012,Right
47,-262,1012,Right
78,-352,1168,Right
-50,-410,965,Right
-26,-484,879,Right
74,-719,1008,Right
528,155,1000,Right
51,-1215,891,Right
63,-1023,1063,Right
121,-1102,1035,Right
-100,-859,965,Right
24,-1012,1051,Right
121,-992,1156,Right
-77,-898,945,Right
-73,-695,1066,Right
-22,-35,1039,Right
-4,-269,992,Right
-53,-43,1047,Right
-26,-59,1059,Right
-22,20,1070,Right
246,194,1051,Right
239,-59,957,Right
-120,-59,1086,Right
4,38,1023,Right
71,54,1031,Right
55,26,1039,Right
20,23,1039,Right
12,8,1031,Right
24,0,1043,Right
16,-19,1023,Right
20,0,1051,Right
8,12,1031,Right
4,0,1051,Right
-4,20,1039,Right
20,26,1043,Right
0,12,1043,Right
-4,-8,1035,Right
8,-23,1035,Right
4,-19,1031,Right
0,-8,1043,Right
16,-8,1035,Right
8,8,1043,Right
16,0,1035,Right
16,12,1035,Right
28,4,1035,Right
20,-8,1039,Right
16,16,1047,Right
16,20,1043,Right
20,4,1039,Right
12,16,1055,Right
24,8,1043,Right
12,20,1035,Right
16,20,1039,Right
4,4,1031,Right
4,12,1027,Right
8,12,1043,Right
8,16,1023,Right
8,26,973,Right
16,20,996,Right
0,-27,1074,Right
4,16,1027,Right
8,-4,1051,Right
16,4,1035,Right
8,4,1027,Right
8,4,1031,Right
8,12,1031,Right
16,-4,1031,Right
16,16,1035,Right
16,0,1031,Right
4,12,1039,Right
8,12,1043,Right
12,4,1047,Right
16,0,1043,Right
8,0,1023,Right
-4,4,1035,Right
4,4,1027,Right
4,4,1047,Right
0,-4,1031,Right
12,-4,1043,Right
8,-8,1043,Right
4,-4,1031,Right
4,-4,1031,Right
4,-4,1039,Right
0,-8,1051,Right
8,-4,1031,Right
12,8,1031,Right
16,-8,1043,Right
12,4,1039,Right
8,0,1047,Right
12,16,1031,Right
12,4,1043,Right
16,-4,1039,Right
0,4,1051,Right
4,-4,1043,Right
12,-4,1035,Right
0,-8,1023,Right
4,-19,1039,Right
4,-4,1031,Right
12,0,1039,Right
8,-8,1039,Right
0,-4,1031,Right
-4,8,1031,Right
4,0,1047,Right
16,-4,1039,Right
8,-16,1027,Right
-4,16,1023,Right
4,8,1039,Right
12,-4,1051,Right
0,12,1043,Right
4,0,1047,Right
0,-4,1043,Right
0,4,1047,Right
0,0,1035,Right
0,20,1035,Right
-4,20,1031,Right
4,8,1035,Right
-4,0,1035,Right
0,-8,1031,Right
0,-4,1039,Right
0,8,1031,Right
4,-4,1035,Right
4,4,1035,Right
12,0,1031,Right
4,-4,1031,Right
-8,-4,1039,Right
8,0,1031,Right
4,12,1027,Right
12,-8,1043,Right
-8,4,1039,Right
4,8,1031,Right
8,0,1023,Right
-4,4,1031,Right
4,4,1039,Right
0,8,1027,Right
-4,4,1051,Right
8,-8,1035,Right
0,4,1039,Right
4,-8,1023,Right
4,-4,1047,Right
-4,-8,1020,Right
4,4,1035,Right
16,0,1047,Right
-4,8,1020,Right
12,16,1086,Right
8,8,1012,Right
8,-4,1031,Right
0,8,1027,Right
12,4,1043,Right
8,0,1039,Right
0,-8,1027,Right
4,-4,1047,Right
4,-4,1031,Right
4,4,1027,Right
0,12,1043,Right
-4,-4,1039,Right
4,0,1031,Right
0,0,1035,Right
8,-12,1043,Right
8,8,1027,Right
0,8,1035,Right
16,-8,1047,Right
4,-4,1047,Right
0,0,1039,Right
0,-4,1043,Right
12,4,1035,Right
0,4,1027,Right
8,-4,1031,Right
8,0,1035,Right
4,-4,1035,Right
8,-4,1035,Right
16,0,1035,Right
4,0,1055,Right
-4,8,1031,Right
8,-4,1035,Right
0,4,1039,Right
-4,4,1027,Right
-4,4,1035,Right
4,-8,1047,Right
0,0,1043,Right
0,0,1035,Right
0,-4,1035,Right
12,-8,1031,Right
8,-8,1035,Right
4,-4,1039,Right
0,-4,1039,Right
8,0,1039,Right
0,0,1027,Right
8,8,1039,Right
8,-12,1031,Right
0,4,1031,Right
0,-4,1035,Right
4,-4,1055,Right
4,0,1047,Right
0,8,1023,Right
4,-4,1039,Right
4,12,1039,Right
8,-8,1031,Right
0,8,1043,Right
0,8,1031,Right
4,0,1039,Right
16,-12,1047,Right
4,0,1031,Right
4,-8,1035,Right
0,8,1027,Right
12,-8,1023,Right
12,0,1035,Right
8,0,1035,Right
4,12,1043,Right
-4,0,1035,Right
4,4,1047,Right
4,0,1027,Right
0,8,1047,Right
0,16,1035,Right
-4,12,1016,Right
8,-19,1051,Right
4,12,1031,Right
4,8,1047,Right
8,-19,1039,Right
4,-8,1031,Right
8,-16,1039,Right
8,12,1035,Right
-4,38,1039,Right
-4,46,1043,Right
4,23,1020,Right
4,128,1027,Right
4,12,1043,Right
0,-4,1047,Right
-26,12,1043,Right
-11,108,1031,Right
-8,85,1035,Right
4,65,1035,Right
39,26,1039,Right
24,34,1035,Right
24,116,1043,Right
16,159,996,Right
24,183,1023,Right
31,-4,1023,Right
-26,105,1008,Right
24,218,1000,Right
-22,187,1063,Right
-4,-19,1004,Right
-26,8,1047,Right
0,-31,1035,Right
-26,136,1031,Right
-30,16,1070,Right
28,30,1051,Right
-14,304,1012,Right
-46,128,988,Right
-89,226,1109,Right
102,0,965,Right
94,77,1066,Right
160,132,1098,Right
110,58,1008,Right
4,140,1043,Right
8,105,1106,Right
35,97,1152,Right
-38,69,1035,Right
31,-19,1039,Right
-18,198,1117,Right
28,65,926,Right
47,187,973,Right
-11,-4,945,Right
160,155,938,Right
-89,108,1027,Right
-30,-66,1063,Right
-57,183,1113,Right
31,30,1059,Right
28,-39,1137,Right
-50,-51,1000,Right
-8,-144,1047,Right
-73,-336,1070,Right
4,4,930,Right
8,-144,961,Right
102,-23,984,Right
-11,46,957,Right
-46,58,1008,Right
-8,179,1016,Right
121,-82,1047,Right
8,233,1148,Right
-38,30,1059,Right
-104,0,1160,Right
98,97,1156,Right
20,58,1117,Right
-18,93,1086,Right
59,-105,1129,Right
94,38,898,Right
-104,136,1004,Right
74,-137,1047,Right
-11,12,1027,Right
-26,190,949,Right
106,128,988,Right
-18,167,1113,Right
-22,-82,1090,Right
-14,-250,1055,Right
43,-203,1117,Right
78,-109,1070,Right
-14,-172,1004,Right
28,-102,981,Right
-8,226,1051,Right
12,23,1086,Right
35,-16,934,Right
0,50,1023,Right
-38,12,992,Right
129,136,1027,Right
4,-12,910,Right
78,194,953,Right
-4,12,1000,Right
39,20,1078,Right
129,50,1082,Right
4,69,1031,Right
74,183,1055,Right
-61,20,1066,Right
-61,42,996,Right
20,62,1027,Right
133,16,988,Right
24,-137,1129,Right
-18,245,1070,Right
-46,-4,988,Right
-139,-246,1106,Right
74,89,1047,Right
-46,8,1125,Right
-112,-23,1027,Right
102,265,1051,Right
145,101,1145,Right
-65,93,1106,Right
8,-449,1031,Right
31,-109,969,Right
-26,-113,1063,Right
188,-133,1035,Right
-53,-219,1031,Right
106,-82,1000,Right
35,-43,1070,Right
51,-19,1016,Right
-8,-387,1004,Right
-30,-125,969,Right
47,-78,1047,Right
-4,-144,1023,Right
39,-62,1008,Right
12,-133,1023,Right
94,-117,1086,Right
63,-246,1055,Right
0,-316,1012,Right
-18,-172,941,Right
16,-383,1055,Right
-26,-273,1051,Right
4,-94,1047,Right
-4,-141,973,Right
12,-152,1055,Right
4,42,1066,Right
71,105,1039,Right
51,23,1035,Right
16,42,1051,Right
0,30,1055,Right
188,124,1094,Right
-128,601,957,Right
74,-121,1023,Right
0,30,1047,Right
-14,46,1031,Right
-4,8,1008,Right
8,16,1004,Right
8,26,1023,Right
-11,26,1051,Right
-30,89,1051,Right
4,16,1035,Right
-11,105,1070,Right
16,-86,1012,Right
-4,-31,1043,Right
-4,23,1043,Right
0,-4,1039,Right
4,-8,1043,Right
0,-23,1027,Right
0,4,1035,Right
0,-4,1031,Right
4,8,1043,Right
0,23,1031,Right
8,4,1055,Right
-4,-19,1039,Right
-4,12,1035,Right
4,0,1047,Right
0,-8,1027,Right
4,-4,1035,Right
4,0,1035,Right
4,0,1035,Right
-4,8,1039,Right
4,-4,1043,Right
-8,4,1039,Right
0,-4,1027,Right
4,4,1031,Right
4,-4,1043,Right
4,-4,1043,Right
12,0,1043,Right
4,0,1027,Right
4,4,1039,Right
8,-12,1039,Right
-4,-4,1047,Right
0,16,1043,Right
8,-4,1031,Right
4,-4,1031,Right
4,8,1043,Right
0,12,1023,Right
4,8,1035,Right
4,4,1031,Right
4,4,1039,Right
8,4,1031,Right
4,12,1035,Right
4,0,1039,Right
0,0,1027,Right
0,8,1023,Right
0,4,1043,Right
0,0,1039,Right
8,-4,1027,Right
12,-4,1023,Right
-4,4,1023,Right
8,0,1043,Right
8,-4,1035,Right
-4,0,1031,Right
4,8,1020,Right
0,4,1027,Right
4,8,1035,Right
0,8,1035,Right
0,8,1035,Right
8,-8,1035,Right
4,8,1020,Right
-4,4,1043,Right
-4,8,1031,Right
4,8,1039,Right
0,0,1016,Right
4,0,1035,Right
8,-4,1027,Right
0,-8,1043,Right
8,4,1051,Right
4,4,1035,Right
0,-8,1027,Right
-4,8,1039,Right
4,-12,1035,Right
8,8,1055,Right
4,16,1027,Right
20,12,1035,Right
4,8,1031,Right
0,12,1035,Right
4,12,1043,Right
0,4,1031,Right
-4,8,1035,Right
8,0,1039,Right
4,8,1035,Right
4,-8,1027,Right
12,-12,1031,Right
0,4,1031,Right
12,-4,1023,Right
8,-12,1047,Right
12,0,1047,Right
0,4,1039,Right
0,4,1047,Right
8,4,1051,Right
8,4,1023,Right
4,8,1043,Right
0,8,1039,Right
0,-4,1035,Right
4,4,1047,Right
0,8,1035,Right
16,4,1039,Right
12,8,1039,Right
4,16,1031,Right
-4,12,1039,Right
4,8,1035,Right
12,-4,1031,Right
0,0,1039,Right
0,8,1035,Right
16,12,1047,Right
4,12,1035,Right
4,0,1031,Right
8,0,1031,Right
4,4,1039,Right
12,12,1035,Right
4,12,1031,Right
0,4,1031,Right
8,-4,1031,Right
0,16,1031,Right
8,0,1031,Right
0,8,1043,Right
0,16,1020,Right
8,-16,1016,Right
4,12,1035,Right
16,-8,1047,Right
-4,0,1043,Right
4,4,1020,Right
4,159,1043,Right
0,42,1020,Right
4,30,1055,Right
12,-12,1012,Right
-4,26,1027,Right
-4,42,1008,Right
8,-39,1008,Right
8,77,1059,Right
12,20,1020,Right
0,34,1027,Right
-8,16,996,Right
0,144,1039,Right
16,-4,1055,Right
0,62,1031,Right
24,124,1035,Right
-26,69,1027,Right
-11,42,1070,Right
8,46,1012,Right
-26,-31,926,Right
8,93,1051,Right
35,38,1055,Right
-30,183,1066,Right
55,54,1008,Right
35,58,1027,Right
-26,34,969,Right
-11,144,992,Right
-30,85,1031,Right
-50,26,973,Right
-18,-31,1020,Right
63,58,1113,Right
24,81,965,Right
59,190,1176,Right
35,65,1094,Right
12,190,1035,Right
4,20,977,Right
90,261,1063,Right
55,-8,1168,Right
28,136,1023,Right
63,93,988,Right
8,206,1012,Right
-34,132,1098,Right
-93,206,1004,Right
55,54,1059,Right
78,190,1047,Right
55,81,1016,Right
8,30,1066,Right
-4,132,1051,Right
110,241,1121,Right
-50,-35,1004,Right
28,401,1125,Right
59,288,1070,Right
94,-187,1113,Right
-69,-47,1082,Right
-8,194,1176,Right
24,218,1008,Right
0,-102,1129,Right
-61,206,1070,Right
-11,-94,981,Right
-65,54,1055,Right
164,269,1078,Right
-147,226,965,Right
-112,550,1785,Right
-53,30,941,Right
31,366,1242,Right
-73,472,1000,Right
78,198,988,Right
-18,226,1152,Right
24,198,1016,Right
31,50,898,Right
31,-39,1016,Right
-155,-12,1043,Right
-93,120,1238,Right
-77,132,910,Right
-116,128,1188,Right
-89,-113,992,Right
-11,-156,1023,Right
-112,58,957,Right
47,-74,988,Right
102,54,973,Right
55,-160,973,Right
20,-90,992,Right
-96,-35,1152,Right
24,-176,1215,Right
-46,-281,1117,Right
-218,-70,1109,Right
-42,-367,1027,Right
121,-461,949,Right
47,-465,1059,Right
188,-180,1020,Right
78,42,1082,Right
-34,-437,1016,Right
164,-781,1129,Right
125,-973,1023,Right
16,-660,973,Right
-96,-504,1129,Right
-46,-668,1113,Right
4,-508,1027,Right
67,-777,1145,Right
-14,-539,1113,Right
-46,-394,1059,Right
-30,-359,1012,Right
4,-301,1043,Right
8,-78,1039,Right
4,12,1031,Right
8,4,1051,Right
12,-4,1027,Right
16,-31,1043,Right
4,16,1020,Right
8,8,1043,Right
8,8,1031,Right
16,8,1035,Right
8,8,1043,Right
4,12,1047,Right
8,8,1035,Right
4,12,1027,Right
16,-4,1035,Right
4,0,1039,Right
8,8,1031,Right
-4,4,1039,Right
0,-8,1039,Right
4,4,1031,Right
0,4,1020,Right
4,-4,1035,Right
4,0,1023,Right
8,4,1027,Right
0,0,1039,Right
12,8,1043,Right
12,8,1039,Right
0,-8,1039,Right
4,-4,1039,Right
4,0,1035,Right
0,-4,1035,Right
8,0,1035,Right
4,-8,1020,Right
0,0,1031,Right
4,8,1039,Right
-4,0,1047,Right
0,4,1035,Right
0,4,1031,Right
0,12,1031,Right
4,-8,1051,Right
4,12,1039,Right
0,4,1039,Right
0,4,1043,Right
8,-4,1031,Right
12,4,1047,Right
4,0,1039,Right
4,4,1031,Right
-11,69,1035,Right
4,-19,1027,Right
8,12,1035,Right
4,23,1035,Right
8,-8,1039,Right
12,-19,1016,Right
8,34,1035,Right
4,4,1043,Right
12,-27,1043,Right
0,0,1047,Right
8,4,1027,Right
0,-4,1031,Right
4,-12,1039,Right
4,-4,1039,Right
-4,-8,1035,Right
4,-8,1020,Right
20,-12,1055,Right
4,0,1039,Right
0,0,1035,Right
-4,8,1043,Right
-4,8,1039,Right
4,4,1043,Right
8,8,1035,Right
12,-4,1035,Right
0,4,1039,Right
0,8,1023,Right
4,4,1023,Right
4,0,1039,Right
12,-19,1020,Right
8,-4,1035,Right
12,-8,1035,Right
8,-23,1031,Right
0,16,1043,Right
-8,30,1039,Right
4,16,1035,Right
-4,26,1043,Right
8,4,1043,Right
0,4,1043,Right
4,-12,1031,Right
0,0,1031,Right
71,23,1004,Right
4,-4,1027,Right
0,4,1051,Right
4,8,1043,Right
4,0,1066,Right
-4,-8,1043,Right
4,-4,1031,Right
-4,16,1031,Right
0,-4,1043,Right
0,8,1027,Right
4,-4,1027,Right
8,-4,1047,Right
4,4,1043,Right
0,-8,1031,Right
-18,4,1047,Right
8,-4,1039,Right
8,-8,1039,Right
4,-4,1039,Right
4,16,1020,Right
-8,4,1039,Right
0,-4,1016,Right
4,-8,1039,Right
4,-19,1031,Right
8,0,1031,Right
0,4,1023,Right
0,0,1023,Right
-4,4,1027,Right
8,-4,1023,Right
8,-8,1020,Right
8,-4,1047,Right
8,-4,1043,Right
4,-4,1031,Right
16,-4,1047,Right
4,-4,1039,Right
0,4,1047,Right
4,4,1035,Right
12,-4,1031,Right
8,4,1043,Right
8,4,1043,Right
-4,0,1027,Right
4,12,1035,Right
8,-8,1043,Right
4,-4,1043,Right
-4,0,1039,Right
-4,16,1039,Right
0,-4,1055,Right
0,4,1035,Right
8,12,1039,Right
0,4,1035,Right
-8,-4,1043,Right
0,4,1039,Right
12,-4,1023,Right
8,-8,1027,Right
0,-4,1039,Right
8,-16,1043,Right
0,12,1047,Right
-8,4,1039,Right
8,-4,1031,Right
0,-4,1035,Right
0,0,1047,Right
0,4,1035,Right
8,-4,1027,Right
0,4,1047,Right
12,-12,1039,Right
8,-4,1035,Right
8,4,1031,Right
-4,12,1043,Right
8,-16,1043,Right
4,16,1020,Right
0,23,1043,Right
16,-55,1027,Right
12,46,1035,Right
0,73,1023,Right
8,20,1027,Right
4,77,1043,Right
8,46,1047,Right
4,-23,1031,Right
4,69,1031,Right
4,73,1043,Right
0,12,1066,Right
24,179,1008,Right
28,23,1035,Right
4,116,1035,Right
24,81,1051,Right
4,136,992,Right
-8,69,1027,Right
55,108,1113,Right
-38,132,1031,Right
35,175,1082,Right
137,351,977,Right
8,226,1023,Right
16,351,1070,Right
-38,148,1078,Right
-18,257,1055,Right
-65,331,1012,Right
176,577,934,Right
211,511,910,Right
-198,483,1016,Right
110,480,1004,Right
4,687,895,Right
-104,460,1160,Right
184,401,1297,Right
117,601,1051,Right
-503,558,1148,Right
-61,659,820,Right
78,558,1082,Right
24,655,895,Right
125,667,984,Right
-175,593,1164,Right
-22,612,1102,Right
35,765,1180,Right
-53,565,1090,Right
-151,440,1047,Right
-327,523,938,Right
-116,128,938,Right
63,265,977,Right
125,85,1031,Right
297,-258,1145,Right
47,-62,1039,Right
-147,-59,1063,Right
28,-219,875,Right
164,-426,1059,Right
24,198,922,Right
-229,-484,953,Right
-284,-484,1082,Right
-280,-273,1250,Right
145,-1504,1000,Right
-218,-629,1039,Right
211,-996,1039,Right
176,-945,1379,Right
82,-1031,1266,Right
219,-1977,1145,Right
24,-969,1102,Right
-18,-1293,1051,Right
47,-805,1000,Right
86,-559,1023,Right
47,-543,1090,Right
-11,-402,1039,Right
-30,-281,1051,Right
-18,-266,992,Right
16,-133,1027,Right
16,-144,1023,Right
0,-35,1043,Right
4,-62,1039,Right
4,-4,1039,Right
12,0,1035,Right
8,0,1035,Right
16,12,1043,Right
8,0,1039,Right
12,-4,1027,Right
16,-23,1051,Right
4,0,1043,Right
16,12,1043,Right
8,20,1031,Right
16,12,1039,Right
8,23,1035,Right
4,12,1051,Right
12,8,1035,Right
4,16,1027,Right
8,4,1020,Right
12,20,1023,Right
12,16,1031,Right
8,4,1039,Right
0,8,1031,Right
0,4,1023,Right
8,12,1043,Right
4,16,1035,Right
0,4,1035,Right
0,12,1031,Right
8,-4,1043,Right
12,-4,1059,Right
24,-8,1051,Right
16,-8,1031,Right
12,12,1035,Right
12,12,1039,Right
12,-8,1043,Right
16,8,1031,Right
8,-4,1027,Right
4,16,1031,Right
0,16,1020,Right
0,16,1031,Right
0,12,1031,Right
8,12,1039,Right
4,8,1035,Right
16,0,1055,Right
12,8,1023,Right
