84,-44,1023,Gesture
84,-44,1020,Gesture
92,-44,1020,Gesture
87,-42,1020,Gesture
80,-35,1017,Gesture
77,-29,1019,Gesture
78,-26,1019,Gesture
86,-35,1020,Gesture
78,-48,1022,Gesture
86,-42,1019,Gesture
75,-41,1019,Gesture
69,-30,1019,Gesture
68,-36,1023,Gesture
81,-57,1022,Gesture
83,-57,1020,Gesture
87,-57,1019,Gesture
74,-47,1019,Gesture
75,-30,1014,Gesture
69,-33,1016,Gesture
63,-23,1023,Gesture
66,-20,1013,Gesture
66,-24,1017,Gesture
71,-51,1028,Gesture
78,-75,1029,Gesture
71,-84,1032,Gesture
69,-74,1029,Gesture
48,-48,1034,Gesture
57,-14,1049,Gesture
33,-23,1034,Gesture
-51,-63,1091,Gesture
-72,34,960,Gesture
-105,-42,992,Gesture
3,-35,1079,Gesture
-7,-101,1097,Gesture
-12,-84,1068,Gesture
0,-65,1070,Gesture
9,-59,1044,Gesture
45,-56,1040,Gesture
63,-74,989,Gesture
117,-80,1008,Gesture
147,-105,981,Gesture
80,-78,1047,Gesture
69,27,1004,Gesture
-63,-107,1065,Gesture
-3,-65,1031,Gesture
24,-105,1077,Gesture
44,-111,1059,Gesture
21,-66,1014,Gesture
-21,-35,996,Gesture
-7,18,995,Gesture
8,10,966,Gesture
24,-15,987,Gesture
60,-57,1017,Gesture
87,-89,1059,Gesture
93,-90,1034,Gesture
102,-83,1038,Gesture
104,-99,1034,Gesture
102,-92,1041,Gesture
90,-74,1023,Gesture
96,-84,1005,Gesture
92,-63,1022,Gesture
92,-57,1028,Gesture
90,-51,1032,Gesture
98,-60,1043,Gesture
92,-62,1047,Gesture
116,-65,1020,Gesture
99,-41,995,Gesture
117,-32,1017,Gesture
116,-44,1023,Gesture
144,-62,1016,Gesture
173,-84,1023,Gesture
158,-60,1013,Gesture
144,-26,986,Gesture
140,1,993,Gesture
161,-15,1002,Gesture
194,-74,1008,Gesture
204,-90,1023,Gesture
218,-108,1004,Gesture
227,-60,996,Gesture
201,-17,977,Gesture
230,-8,968,Gesture
227,-26,983,Gesture
239,-20,990,Gesture
249,-71,996,Gesture
258,-57,977,Gesture
263,1,977,Gesture
252,55,987,Gesture
254,87,968,Gesture
294,33,990,Gesture
345,-42,983,Gesture
378,-60,989,Gesture
416,-56,912,Gesture
392,-48,936,Gesture
378,-45,966,Gesture
384,-69,971,Gesture
443,-113,975,Gesture
461,-131,960,Gesture
462,-80,888,Gesture
456,-5,911,Gesture
423,27,908,Gesture
389,84,954,Gesture
435,43,945,Gesture
456,-32,960,Gesture
447,-47,968,Gesture
476,-84,959,Gesture
515,168,936,Gesture
368,211,882,Gesture
437,147,909,Gesture
437,84,957,Gesture
407,40,966,Gesture
434,-24,965,Gesture
437,-90,977,Gesture
441,-104,936,Gesture
459,-144,953,Gesture
455,-149,956,Gesture
413,-80,921,Gesture
393,-60,957,Gesture
396,-77,954,Gesture
366,-50,987,Gesture
381,-63,977,Gesture
386,-78,942,Gesture
444,-77,1064,Gesture
372,-41,945,Gesture
237,108,939,Gesture
201,24,1007,Gesture
215,-80,1016,Gesture
227,-101,1013,Gesture
236,-107,1001,Gesture
221,-90,1007,Gesture
222,-72,998,Gesture
215,-41,998,Gesture
221,-42,987,Gesture
218,-35,992,Gesture
230,-51,995,Gesture
224,-65,1007,Gesture
215,-66,1007,Gesture
219,-57,1001,Gesture
212,-27,986,Gesture
222,7,981,Gesture
222,-6,1004,Gesture
222,-38,989,Gesture
234,-33,992,Gesture
227,-36,1001,Gesture
231,-39,995,Gesture
230,-21,990,Gesture
225,-11,981,Gesture
233,-26,998,Gesture
233,-38,1001,Gesture
230,-57,996,Gesture
221,-39,1002,Gesture
221,-47,996,Gesture
221,-42,996,Gesture
224,-47,998,Gesture
221,-41,993,Gesture
216,-44,1008,Gesture
215,-41,996,Gesture
218,-42,996,Gesture
219,-44,996,Gesture
225,-45,1001,Gesture
221,-33,1001,Gesture
231,-38,1002,Gesture
236,-41,995,Gesture
227,-9,995,Gesture
234,-15,990,Gesture
227,-6,986,Gesture
231,-5,990,Gesture
236,-29,1001,Gesture
234,-42,995,Gesture
227,-32,995,Gesture
219,-17,995,Gesture
218,-12,993,Gesture
224,-18,992,Gesture
227,-21,990,Gesture
221,-29,998,Gesture
228,-44,1001,Gesture
218,-44,990,Gesture
221,-26,995,Gesture
227,-24,998,Gesture
225,-35,996,Gesture
233,-35,995,Gesture
233,-50,996,Gesture
227,-41,998,Gesture
228,-20,996,Gesture
233,-24,998,Gesture
221,-8,993,Gesture
227,-12,993,Gesture
228,-24,993,Gesture
233,-29,998,Gesture
234,-42,1002,Gesture
231,-44,996,Gesture
224,-44,996,Gesture
222,-26,998,Gesture
222,-38,996,Gesture
216,-32,995,Gesture
212,-24,992,Gesture
230,-39,1002,Gesture
225,-42,995,Gesture
219,-30,995,Gesture
224,-29,998,Gesture
224,-42,1002,Gesture
231,-44,1002,Gesture
228,-38,995,Gesture
224,-32,990,Gesture
230,-15,987,Gesture
228,-23,987,Gesture
231,-11,989,Gesture
233,-35,996,Gesture
227,-33,1004,Gesture
224,-42,1001,Gesture
225,-32,998,Gesture
222,-21,993,Gesture
222,-27,989,Gesture
225,-33,992,Gesture
224,-33,993,Gesture
222,-33,995,Gesture
224,-41,996,Gesture
222,-36,995,Gesture
224,-29,992,Gesture
224,-36,996,Gesture
230,-30,998,Gesture
227,-36,996,Gesture
228,-39,1002,Gesture
225,-39,996,Gesture
228,-32,993,Gesture
224,-11,995,Gesture
228,-20,996,Gesture
225,-29,993,Gesture
228,-39,1001,Gesture
225,-44,1005,Gesture
225,-44,1005,Gesture
227,-35,1001,Gesture
222,-21,996,Gesture
222,-20,992,Gesture
221,-17,992,Gesture
225,-38,1004,Gesture
224,-53,1001,Gesture
224,-42,1001,Gesture
221,-39,998,Gesture
221,-36,995,Gesture
219,-20,993,Gesture
219,-26,993,Gesture
228,-30,996,Gesture
230,-32,995,Gesture
230,-38,995,Gesture
224,-24,996,Gesture
227,-27,995,Gesture
225,-27,995,Gesture
221,-30,998,Gesture
225,-21,1001,Gesture
230,-27,1001,Gesture
227,-30,1001,Gesture
219,-27,990,Gesture
221,-23,995,Gesture
222,-33,993,Gesture
224,-30,1001,Gesture
122,-123,1037,Gesture
123,-134,1034,Gesture
114,-125,1022,Gesture
123,-120,1011,Gesture
119,-120,993,Gesture
126,-134,992,Gesture
137,-132,990,Gesture
144,-135,986,Gesture
143,-119,993,Gesture
152,-119,1001,Gesture
159,-122,1008,Gesture
165,-108,1019,Gesture
170,-99,1019,Gesture
174,-92,1032,Gesture
188,-89,1032,Gesture
200,-93,1043,Gesture
219,-111,1046,Gesture
225,-116,1049,Gesture
216,-98,1047,Gesture
213,-86,1040,Gesture
209,-66,1040,Gesture
198,-53,1032,Gesture
192,-62,1017,Gesture
188,-62,1005,Gesture
197,-78,1002,Gesture
201,-74,998,Gesture
210,-84,1002,Gesture
206,-87,1010,Gesture
200,-71,1008,Gesture
192,-63,1008,Gesture
192,-51,1013,Gesture
203,-56,1014,Gesture
207,-77,1013,Gesture
210,-83,1010,Gesture
215,-93,1007,Gesture
219,-98,1002,Gesture
219,-95,1013,Gesture
224,-80,1013,Gesture
219,-72,1014,Gesture
203,-66,1011,Gesture
200,-71,1004,Gesture
191,-63,996,Gesture
180,-75,983,Gesture
177,-80,978,Gesture
180,-83,971,Gesture
194,-96,977,Gesture
198,-107,981,Gesture
192,-107,980,Gesture
189,-105,981,Gesture
188,-93,978,Gesture
188,-101,980,Gesture
185,-108,978,Gesture
186,-111,977,Gesture
191,-116,983,Gesture
188,-113,987,Gesture
188,-105,990,Gesture
177,-95,995,Gesture
174,-107,992,Gesture
164,-95,986,Gesture
164,-95,989,Gesture
168,-98,993,Gesture
173,-93,1001,Gesture
182,-102,1004,Gesture
195,-110,1016,Gesture
192,-99,1031,Gesture
198,-92,1046,Gesture
195,-87,1047,Gesture
200,-89,1053,Gesture
206,-99,1052,Gesture
206,-101,1044,Gesture
201,-105,1038,Gesture
198,-99,1040,Gesture
188,-96,1038,Gesture
185,-86,1043,Gesture
174,-87,1037,Gesture
162,-84,1026,Gesture
161,-86,1019,Gesture
161,-87,1008,Gesture
158,-86,993,Gesture
144,-74,981,Gesture
135,-69,971,Gesture
119,-54,968,Gesture
108,-59,959,Gesture
111,-63,954,Gesture
120,-72,956,Gesture
117,-83,957,Gesture
123,-92,963,Gesture
138,-99,972,Gesture
147,-93,986,Gesture
153,-98,993,Gesture
156,-95,1004,Gesture
162,-93,1011,Gesture
158,-96,1016,Gesture
164,-95,1019,Gesture
164,-98,1017,Gesture
165,-90,1022,Gesture
171,-95,1023,Gesture
171,-92,1022,Gesture
167,-86,1014,Gesture
153,-62,1017,Gesture
138,-53,1007,Gesture
129,-50,1007,Gesture
132,-59,1005,Gesture
138,-66,1005,Gesture
147,-75,1019,Gesture
141,-65,1031,Gesture
135,-56,1028,Gesture
129,-48,1029,Gesture
122,-47,1022,Gesture
123,-51,1031,Gesture
114,-51,1028,Gesture
119,-45,1035,Gesture
117,-47,1031,Gesture
120,-53,1029,Gesture
117,-72,1017,Gesture
111,-62,1020,Gesture
138,-42,1008,Gesture
144,-50,1020,Gesture
147,-54,1016,Gesture
152,-63,1007,Gesture
153,-62,1008,Gesture
149,-45,1026,Gesture
144,-38,1026,Gesture
146,-35,1010,Gesture
144,-45,1016,Gesture
147,-42,1013,Gesture
143,-33,1028,Gesture
161,-78,1022,Gesture
152,-68,1016,Gesture
150,-44,1022,Gesture
150,-53,1020,Gesture
152,-29,1011,Gesture
152,-45,1014,Gesture
146,-48,1022,Gesture
173,-56,1022,Gesture
168,-54,1005,Gesture
168,-38,1002,Gesture
150,-39,990,Gesture
158,-48,1005,Gesture
152,-32,1029,Gesture
179,-72,1014,Gesture
167,-66,1010,Gesture
189,-59,1019,Gesture
170,-48,1016,Gesture
173,-45,1007,Gesture
185,-45,1007,Gesture
195,-72,1005,Gesture
198,-65,996,Gesture
213,-56,1001,Gesture
222,-62,1004,Gesture
230,-41,1001,Gesture
218,-39,1004,Gesture
171,-29,1013,Gesture
210,-65,969,Gesture
219,-60,993,Gesture
255,-69,989,Gesture
239,-83,986,Gesture
245,-74,978,Gesture
243,-71,1004,Gesture
234,-75,990,Gesture
233,-74,980,Gesture
237,-60,984,Gesture
239,-62,1004,Gesture
216,-62,990,Gesture
237,-57,996,Gesture
221,-65,1011,Gesture
191,-54,996,Gesture
164,-27,984,Gesture
192,-45,989,Gesture
215,-83,1010,Gesture
213,-78,1010,Gesture
222,-87,993,Gesture
201,-72,969,Gesture
216,-75,978,Gesture
227,-75,983,Gesture
228,-72,980,Gesture
239,-63,1001,Gesture
242,-63,977,Gesture
245,-69,999,Gesture
249,-65,977,Gesture
275,-69,981,Gesture
273,-66,987,Gesture
267,-71,971,Gesture
279,-65,978,Gesture
270,-62,972,Gesture
266,-50,969,Gesture
270,-48,986,Gesture
281,-60,980,Gesture
293,-71,993,Gesture
297,-63,993,Gesture
288,-60,989,Gesture
288,-54,968,Gesture
288,-65,969,Gesture
290,-65,980,Gesture
291,-69,975,Gesture
282,-45,969,Gesture
284,-47,992,Gesture
288,-45,963,Gesture
291,-56,983,Gesture
290,-69,980,Gesture
296,-78,968,Gesture
299,-81,965,Gesture
293,-75,975,Gesture
293,-69,990,Gesture
293,-68,990,Gesture
290,-63,995,Gesture
279,-63,986,Gesture
273,-66,971,Gesture
272,-57,968,Gesture
254,-45,986,Gesture
261,-48,966,Gesture
267,-66,1016,Gesture
267,-68,998,Gesture
267,-72,992,Gesture
252,-66,998,Gesture
261,-66,1005,Gesture
266,-89,990,Gesture
269,-78,1008,Gesture
243,-71,966,Gesture
252,-77,1002,Gesture
246,-72,995,Gesture
243,-63,1001,Gesture
263,-62,984,Gesture
272,-84,987,Gesture
279,-93,968,Gesture
270,-93,999,Gesture
263,-68,972,Gesture
284,-65,947,Gesture
263,-60,1002,Gesture
246,-65,962,Gesture
282,-72,1028,Gesture
243,-47,953,Gesture
302,-72,980,Gesture
272,-71,980,Gesture
279,-77,945,Gesture
311,-101,1014,Gesture
249,-59,938,Gesture
284,-65,956,Gesture
281,-56,1037,Gesture
261,-51,918,Gesture
314,-92,983,Gesture
278,-77,1043,Gesture
261,-80,890,Gesture
336,-110,1010,Gesture
278,-57,1032,Gesture
252,-51,900,Gesture
326,-75,1014,Gesture
270,-30,986,Gesture
269,-54,914,Gesture
312,-74,1013,Gesture
273,-50,1007,Gesture
261,-44,924,Gesture
312,-90,1037,Gesture
236,-59,953,Gesture
309,-107,971,Gesture
258,-80,1031,Gesture
509,-93,933,Gesture
515,-63,932,Gesture
552,-59,923,Gesture
546,-59,914,Gesture
509,-54,894,Gesture
414,-77,867,Gesture
359,-45,867,Gesture
326,1,860,Gesture
338,19,867,Gesture
345,75,849,Gesture
338,105,855,Gesture
323,102,848,Gesture
269,91,834,Gesture
161,61,842,Gesture
122,25,833,Gesture
96,-24,828,Gesture
74,-20,819,Gesture
68,10,819,Gesture
47,34,822,Gesture
-10,69,888,Gesture
-52,45,923,Gesture
-58,16,941,Gesture
-54,-18,945,Gesture
-58,-53,948,Gesture
-54,-84,945,Gesture
-76,-107,968,Gesture
-108,-90,993,Gesture
-114,-116,1014,Gesture
-105,-114,1035,Gesture
-93,-92,1046,Gesture
-69,-119,1059,Gesture
-84,-140,1061,Gesture
-106,-159,1050,Gesture
-115,-198,1034,Gesture
-127,-230,1041,Gesture
-109,-251,1035,Gesture
-108,-230,1061,Gesture
-97,-207,1086,Gesture
-70,-179,1107,Gesture
-43,-150,1112,Gesture
-22,-159,1101,Gesture
18,-191,1094,Gesture
26,-218,1080,Gesture
35,-276,1083,Gesture
17,-272,1082,Gesture
-6,-252,1085,Gesture
3,-239,1080,Gesture
39,-249,1067,Gesture
63,-261,1067,Gesture
92,-246,1076,Gesture
84,-221,1067,Gesture
74,-186,1067,Gesture
65,-156,1053,Gesture
57,-131,1050,Gesture
53,-108,1044,Gesture
68,-122,1037,Gesture
89,-129,1025,Gesture
110,-137,1020,Gesture
134,-150,1002,Gesture
129,-122,998,Gesture
113,-92,993,Gesture
93,-87,987,Gesture
83,-66,981,Gesture
72,-65,972,Gesture
80,-71,966,Gesture
84,-84,954,Gesture
92,-83,956,Gesture
95,-92,954,Gesture
95,-93,956,Gesture
86,-60,957,Gesture
84,-63,966,Gesture
86,-60,969,Gesture
83,-48,978,Gesture
98,-71,990,Gesture
107,-59,992,Gesture
120,-56,996,Gesture
138,-84,1004,Gesture
156,-75,1017,Gesture
164,-74,1037,Gesture
168,-74,1058,Gesture
171,-114,1077,Gesture
285,-105,1289,Gesture
281,-318,1376,Gesture
255,-242,1200,Gesture
101,-204,1044,Gesture
53,-144,933,Gesture
75,-158,944,Gesture
123,-138,981,Gesture
171,-162,1013,Gesture
192,-150,1005,Gesture
188,-143,999,Gesture
189,-119,989,Gesture
194,-96,1001,Gesture
185,-78,1013,Gesture
182,-72,1010,Gesture
171,-81,1028,Gesture
173,-74,1023,Gesture
177,-89,1016,Gesture
168,-89,1016,Gesture
165,-93,1014,Gesture
162,-111,1008,Gesture
144,-95,1011,Gesture
140,-104,1019,Gesture
141,-108,1034,Gesture
149,-108,1032,Gesture
149,-111,1026,Gesture
146,-120,1013,Gesture
155,-126,1014,Gesture
150,-116,1011,Gesture
152,-110,1011,Gesture
156,-111,1011,Gesture
156,-98,1010,Gesture
156,-107,999,Gesture
158,-102,1013,Gesture
158,-102,1014,Gesture
153,-105,1017,Gesture
159,-110,1016,Gesture
159,-110,1017,Gesture
62,-95,1028,Gesture
66,-96,1025,Gesture
63,-104,1025,Gesture
66,-107,1028,Gesture
71,-107,1025,Gesture
77,-98,1025,Gesture
75,-102,1031,Gesture
75,-87,1032,Gesture
60,-78,1028,Gesture
56,-80,1044,Gesture
62,-90,1034,Gesture
69,-107,1031,Gesture
66,-101,1028,Gesture
60,-105,1011,Gesture
50,-92,1019,Gesture
69,-117,1037,Gesture
87,-122,1028,Gesture
87,-113,1028,Gesture
89,-104,1026,Gesture
92,-93,1031,Gesture
96,-101,1022,Gesture
71,-71,963,Gesture
155,-98,992,Gesture
62,-72,1038,Gesture
74,-57,1004,Gesture
93,-71,1004,Gesture
110,-81,1005,Gesture
125,-116,1031,Gesture
140,-120,1028,Gesture
147,-119,1025,Gesture
146,-125,1031,Gesture
165,-108,1031,Gesture
167,-117,1020,Gesture
176,-117,1013,Gesture
167,-107,1004,Gesture
176,-96,1005,Gesture
152,-69,1002,Gesture
107,-45,1055,Gesture
123,-36,978,Gesture
110,-102,998,Gesture
149,-71,1002,Gesture
155,-96,1019,Gesture
170,-108,1017,Gesture
165,-116,1031,Gesture
153,-101,1025,Gesture
138,-72,1056,Gesture
102,-65,1034,Gesture
101,-69,1017,Gesture
102,-74,1026,Gesture
120,-80,1016,Gesture
129,-80,1014,Gesture
138,-101,1031,Gesture
126,-80,999,Gesture
116,-57,984,Gesture
110,-66,990,Gesture
119,-50,1005,Gesture
122,-63,1002,Gesture
137,-71,1005,Gesture
144,-81,1004,Gesture
167,-86,1002,Gesture
180,-114,1022,Gesture
183,-122,1023,Gesture
192,-116,1016,Gesture
194,-110,1019,Gesture
194,-122,1011,Gesture
194,-116,1002,Gesture
192,-96,1005,Gesture
183,-86,1005,Gesture
180,-66,996,Gesture
179,-63,996,Gesture
173,-59,993,Gesture
188,-66,1008,Gesture
197,-80,1020,Gesture
200,-86,1022,Gesture
204,-80,1025,Gesture
194,-69,1005,Gesture
185,-68,1005,Gesture
177,-65,999,Gesture
182,-57,1013,Gesture
185,-54,996,Gesture
185,-63,1001,Gesture
188,-63,1004,Gesture
192,-69,996,Gesture
195,-71,1002,Gesture
185,-71,1011,Gesture
191,-84,998,Gesture
188,-93,1005,Gesture
192,-89,1005,Gesture
195,-105,1023,Gesture
191,-98,1019,Gesture
189,-93,1022,Gesture
182,-84,996,Gesture
174,-80,1005,Gesture
177,-83,1001,Gesture
182,-90,998,Gesture
189,-101,1017,Gesture
192,-95,1016,Gesture
185,-95,1005,Gesture
182,-98,1020,Gesture
177,-92,1019,Gesture
173,-80,1035,Gesture
182,-81,1008,Gesture
171,-72,1008,Gesture
176,-78,1010,Gesture
176,-71,1016,Gesture
177,-84,1014,Gesture
173,-75,1019,Gesture
173,-74,1023,Gesture
171,-60,1032,Gesture
174,-62,1008,Gesture
185,-65,1010,Gesture
183,-63,1026,Gesture
186,-71,1001,Gesture
183,-78,1016,Gesture
200,-95,1011,Gesture
200,-119,1001,Gesture
200,-120,1034,Gesture
201,-102,1020,Gesture
189,-83,996,Gesture
176,-72,990,Gesture
186,-66,1005,Gesture
188,-75,996,Gesture
188,-86,1011,Gesture
195,-92,1020,Gesture
203,-89,1022,Gesture
203,-80,1001,Gesture
189,-65,1016,Gesture
177,-66,999,Gesture
174,-47,981,Gesture
188,-63,999,Gesture
209,-81,1004,Gesture
215,-92,1010,Gesture
215,-90,1001,Gesture
207,-89,1020,Gesture
200,-86,1026,Gesture
204,-75,1011,Gesture
195,-74,1001,Gesture
195,-62,992,Gesture
-193,43,977,Gesture
-219,60,963,Gesture
-187,30,966,Gesture
-178,10,990,Gesture
-202,-57,1016,Gesture
-211,-87,1013,Gesture
-280,-68,1025,Gesture
-303,-45,1041,Gesture
-283,-39,1047,Gesture
-267,-50,1064,Gesture
-210,-114,1064,Gesture
-157,-167,1059,Gesture
-132,-176,1050,Gesture
-145,-159,1044,Gesture
-193,-113,1056,Gesture
-219,-98,1061,Gesture
-210,-105,1064,Gesture
-211,-116,1065,Gesture
-196,-156,1044,Gesture
-177,-174,1031,Gesture
-142,-197,1025,Gesture
-132,-206,1068,Gesture
-123,-188,1127,Gesture
-91,-186,1163,Gesture
-76,-191,1209,Gesture
-52,-248,1214,Gesture
-22,-312,1164,Gesture
-15,-336,1134,Gesture
-24,-312,1127,Gesture
-31,-269,1089,Gesture
-43,-216,1064,Gesture
-45,-170,1050,Gesture
-61,-134,1031,Gesture
-46,-119,1011,Gesture
-42,-126,1004,Gesture
-31,-131,1001,Gesture
-13,-146,1016,Gesture
26,-182,1022,Gesture
57,-198,1050,Gesture
62,-200,1058,Gesture
72,-204,1061,Gesture
62,-164,1049,Gesture
44,-119,1034,Gesture
39,-111,1032,Gesture
54,-95,1031,Gesture
68,-96,1026,Gesture
86,-102,1023,Gesture
95,-111,1010,Gesture
111,-134,1002,Gesture
117,-137,1002,Gesture
119,-131,1013,Gesture
110,-128,1028,Gesture
107,-102,1034,Gesture
99,-89,1037,Gesture
87,-84,1028,Gesture
95,-86,1023,Gesture
104,-92,1022,Gesture
108,-111,1016,Gesture
119,-117,1022,Gesture
113,-128,1014,Gesture
117,-122,1017,Gesture
108,-101,1019,Gesture
102,-93,1014,Gesture
87,-89,1022,Gesture
90,-90,1023,Gesture
96,-90,1019,Gesture
99,-105,1026,Gesture
111,-114,1017,Gesture
117,-119,1028,Gesture
105,-114,1014,Gesture
107,-104,1013,Gesture
104,-93,1023,Gesture
105,-101,1013,Gesture
107,-105,1019,Gesture
114,-93,1025,Gesture
116,-96,1028,Gesture
117,-95,1020,Gesture
116,-105,1023,Gesture
122,-102,1019,Gesture
122,-93,1020,Gesture
120,-89,1016,Gesture
113,-83,1013,Gesture
114,-101,1019,Gesture
116,-92,1016,Gesture
111,-92,1016,Gesture
117,-92,1020,Gesture
111,-101,1023,Gesture
111,-93,1020,Gesture
113,-93,1019,Gesture
108,-96,1017,Gesture
114,-96,1016,Gesture
114,-92,1017,Gesture
116,-95,1020,Gesture
119,-95,1019,Gesture
131,-96,1017,Gesture
129,-90,1016,Gesture
119,-101,1011,Gesture
114,-92,1013,Gesture
114,-102,1019,Gesture
105,-104,1020,Gesture
101,-101,1026,Gesture
102,-96,1026,Gesture
102,-96,1031,Gesture
110,-102,1020,Gesture
107,-110,1019,Gesture
98,-111,1014,Gesture
98,-105,1019,Gesture
93,-89,1025,Gesture
93,-81,1020,Gesture
101,-81,1025,Gesture
110,-89,1023,Gesture
105,-102,1017,Gesture
111,-101,1025,Gesture
105,-95,1019,Gesture
101,-93,1022,Gesture
95,-86,1023,Gesture
300,19,989,Gesture
300,18,980,Gesture
306,-14,986,Gesture
306,16,990,Gesture
309,30,986,Gesture
288,34,993,Gesture
282,24,975,Gesture
290,-12,995,Gesture
284,7,986,Gesture
278,7,981,Gesture
267,27,995,Gesture
287,30,987,Gesture
302,-6,989,Gesture
311,-15,992,Gesture
300,-24,974,Gesture
302,0,975,Gesture
300,-3,971,Gesture
315,22,981,Gesture
321,16,981,Gesture
326,-15,972,Gesture
327,-17,977,Gesture
324,-17,962,Gesture
315,-3,963,Gesture
320,16,963,Gesture
327,24,969,Gesture
341,10,972,Gesture
342,4,963,Gesture
338,-6,957,Gesture
338,-3,962,Gesture
329,10,965,Gesture
335,12,959,Gesture
336,16,969,Gesture
339,16,959,Gesture
329,6,963,Gesture
347,-9,966,Gesture
347,-18,969,Gesture
348,-18,974,Gesture
348,-6,968,Gesture
345,-6,977,Gesture
339,9,966,Gesture
324,18,966,Gesture
320,10,956,Gesture
344,13,962,Gesture
363,-18,965,Gesture
363,-27,965,Gesture
375,-38,977,Gesture
356,-26,966,Gesture
344,-15,962,Gesture
341,-6,956,Gesture
344,-2,962,Gesture
342,1,962,Gesture
344,9,963,Gesture
360,-2,969,Gesture
365,-9,966,Gesture
357,-17,971,Gesture
356,-11,956,Gesture
348,1,953,Gesture
344,4,953,Gesture
351,9,956,Gesture
363,-5,954,Gesture
359,-15,953,Gesture
365,-6,966,Gesture
356,9,956,Gesture
345,3,963,Gesture
351,1,948,Gesture
363,-5,957,Gesture
371,-18,953,Gesture
369,-14,962,Gesture
342,-3,962,Gesture
342,-3,965,Gesture
336,15,962,Gesture
342,18,957,Gesture
336,10,975,Gesture
348,-12,968,Gesture
378,-18,966,Gesture
365,-9,959,Gesture
351,0,951,Gesture
342,15,963,Gesture
357,4,966,Gesture
371,-32,963,Gesture
374,-21,959,Gesture
372,-8,968,Gesture
365,3,954,Gesture
353,3,950,Gesture
353,27,948,Gesture
359,6,965,Gesture
363,-9,972,Gesture
374,-5,959,Gesture
359,3,966,Gesture
347,-6,957,Gesture
347,0,965,Gesture
341,6,965,Gesture
356,9,974,Gesture
363,1,959,Gesture
360,-5,969,Gesture
359,-6,963,Gesture
344,-11,957,Gesture
342,0,968,Gesture
350,-9,966,Gesture
369,-2,966,Gesture
360,-17,963,Gesture
356,-26,963,Gesture
339,-23,945,Gesture
327,-18,959,Gesture
336,0,971,Gesture
350,-9,972,Gesture
351,-17,953,Gesture
366,-6,963,Gesture
357,-14,954,Gesture
354,0,957,Gesture
347,18,954,Gesture
332,12,969,Gesture
333,6,959,Gesture
327,13,962,Gesture
330,3,968,Gesture
323,12,969,Gesture
320,3,978,Gesture
341,-17,969,Gesture
336,-17,975,Gesture
336,-32,969,Gesture
353,-15,965,Gesture
357,-14,963,Gesture
327,-11,968,Gesture
323,-36,963,Gesture
333,-6,969,Gesture
350,-6,972,Gesture
359,-33,974,Gesture
350,-20,986,Gesture
336,-11,959,Gesture
341,-24,968,Gesture
333,-11,978,Gesture
359,-11,959,Gesture
359,-21,975,Gesture
348,-11,954,Gesture
345,-12,957,Gesture
347,-5,965,Gesture
341,16,968,Gesture
335,10,968,Gesture
336,3,974,Gesture
327,-6,966,Gesture
-145,-120,1034,Gesture
-120,-132,1020,Gesture
-145,-131,1020,Gesture
-157,-143,1019,Gesture
-171,-155,1005,Gesture
-175,-158,1004,Gesture
-177,-137,998,Gesture
-163,-134,995,Gesture
-150,-132,1001,Gesture
-127,-131,1010,Gesture
-99,-158,1025,Gesture
-75,-158,1043,Gesture
-57,-161,1046,Gesture
-61,-167,1043,Gesture
-58,-165,1028,Gesture
-63,-155,1008,Gesture
-79,-137,980,Gesture
-81,-117,965,Gesture
-73,-144,947,Gesture
-81,-114,980,Gesture
-54,-81,1047,Gesture
6,-137,1340,Gesture
116,-176,1454,Gesture
138,-153,1286,Gesture
39,-177,1044,Gesture
-34,-200,1028,Gesture
-51,-149,1014,Gesture
-52,-119,963,Gesture
-40,-90,957,Gesture
5,-59,987,Gesture
30,-62,1038,Gesture
54,-54,1043,Gesture
62,-83,1043,Gesture
59,-72,1046,Gesture
44,-69,1043,Gesture
30,-66,1037,Gesture
20,-56,1040,Gesture
14,-33,1032,Gesture
-3,-42,1049,Gesture
2,-66,1040,Gesture
-12,-98,1035,Gesture
-22,-114,1028,Gesture
-27,-111,1031,Gesture
-46,-108,1022,Gesture
-73,-123,1037,Gesture
-76,-96,1056,Gesture
-67,-80,1035,Gesture
-69,-80,1028,Gesture
-55,-98,1026,Gesture
-39,-125,1023,Gesture
-22,-143,1034,Gesture
-18,-135,1022,Gesture
-25,-128,1014,Gesture
-36,-104,1022,Gesture
-43,-92,1026,Gesture
-40,-95,1002,Gesture
-21,-90,1065,Gesture
-4,-107,1043,Gesture
-12,-119,1010,Gesture
30,-110,1038,Gesture
14,-98,1025,Gesture
-27,-93,1001,Gesture
9,-81,1017,Gesture
-13,-66,1028,Gesture
-19,-75,1022,Gesture
-28,-92,1034,Gesture
-33,-98,1037,Gesture
-39,-104,1041,Gesture
-36,-119,1041,Gesture
-39,-123,1049,Gesture
-27,-126,1038,Gesture
-33,-110,1043,Gesture
-37,-108,1017,Gesture
-39,-96,1023,Gesture
-54,-96,1025,Gesture
-64,-92,1055,Gesture
-48,-104,1053,Gesture
-28,-114,1085,Gesture
-4,-104,1083,Gesture
-19,-105,1071,Gesture
-30,-162,1070,Gesture
-45,-132,1058,Gesture
-69,-137,1064,Gesture
-84,-137,1071,Gesture
-69,-107,1082,Gesture
-85,-123,1092,Gesture
-90,-113,1095,Gesture
-112,-129,1106,Gesture
-117,-140,1092,Gesture
-118,-114,1091,Gesture
-103,-125,1083,Gesture
-123,-162,1098,Gesture
-139,-126,1065,Gesture
-175,-129,1028,Gesture
-193,-135,992,Gesture
-202,-155,944,Gesture
-229,-180,912,Gesture
-267,-183,918,Gesture
-288,-201,920,Gesture
-267,-213,893,Gesture
-286,-189,911,Gesture
-253,-170,890,Gesture
-193,-186,843,Gesture
-178,-210,840,Gesture
-190,-201,864,Gesture
-117,-177,765,Gesture
-72,-173,863,Gesture
-97,-146,977,Gesture
-106,-143,921,Gesture
-94,-144,921,Gesture
-81,-188,903,Gesture
-60,-189,977,Gesture
2,-189,1056,Gesture
-24,-102,1172,Gesture
-148,-158,1136,Gesture
-94,-95,1005,Gesture
-84,-95,1011,Gesture
-82,-89,1011,Gesture
-72,-95,1013,Gesture
-76,-104,1004,Gesture
-81,-95,1005,Gesture
-76,-107,1005,Gesture
-94,-114,1019,Gesture
-99,-95,1014,Gesture
-123,-66,1032,Gesture
-120,-66,1031,Gesture
-123,-69,1040,Gesture
-123,-83,1022,Gesture
-138,-92,1032,Gesture
-141,-107,1023,Gesture
-154,-101,1035,Gesture
-160,-80,1026,Gesture
-177,-60,1035,Gesture
-192,-50,1025,Gesture
-190,-62,1016,Gesture
-180,-87,1038,Gesture
-165,-105,1026,Gesture
-163,-108,1020,Gesture
-156,-90,1016,Gesture
-163,-63,1023,Gesture
-174,-51,1010,Gesture
-163,-45,1017,Gesture
-145,-77,1031,Gesture
-139,-87,1016,Gesture
-133,-101,1026,Gesture
-141,-81,1037,Gesture
-138,-53,1043,Gesture
-148,-44,1056,Gesture
-124,-57,1026,Gesture
-117,-75,1014,Gesture
-81,-101,1032,Gesture
-69,-92,1013,Gesture
-70,-107,1034,Gesture
-69,-119,1016,Gesture
-84,-107,1032,Gesture
-93,-86,1047,Gesture
-66,-93,1010,Gesture
-64,-108,1011,Gesture
-78,-81,1028,Gesture
-58,-56,1028,Gesture
-46,-84,1019,Gesture
-48,-78,1065,Gesture
-10,-78,1026,Gesture
-13,-83,1028,Gesture
-6,-123,1032,Gesture
15,-126,1034,Gesture
15,-113,1026,Gesture
23,-110,1041,Gesture
38,-113,1011,Gesture
48,-95,1022,Gesture
42,-87,1011,Gesture
48,-72,1034,Gesture
27,-59,1031,Gesture
29,-26,1040,Gesture
50,-20,1031,Gesture
54,-42,1035,Gesture
92,-57,1026,Gesture
74,-69,1032,Gesture
81,-50,1020,Gesture
66,-63,1032,Gesture
62,-56,1020,Gesture
66,4,1038,Gesture
84,10,1025,Gesture
110,12,1020,Gesture
125,-6,1020,Gesture
146,-35,1037,Gesture
147,-68,1032,Gesture
149,-86,1034,Gesture
122,-69,1026,Gesture
132,-72,1025,Gesture
126,-62,1032,Gesture
140,-68,1031,Gesture
141,-75,1031,Gesture
138,-59,1028,Gesture
128,-50,1034,Gesture
110,-50,1028,Gesture
107,-66,1023,Gesture
105,-80,1038,Gesture
117,-83,1047,Gesture
134,-74,1032,Gesture
125,-65,1023,Gesture
209,117,1130,Gesture
63,10,894,Gesture
-37,-3,1056,Gesture
185,45,849,Gesture
54,-47,1113,Gesture
98,61,1053,Gesture
135,30,1082,Gesture
62,-105,884,Gesture
48,39,1140,Gesture
185,-137,1032,Gesture
132,-368,959,Gesture
81,-261,1076,Gesture
120,-243,1043,Gesture
140,-288,1010,Gesture
84,-233,1017,Gesture
44,-108,1034,Gesture
48,-36,1028,Gesture
57,-54,1016,Gesture
75,-86,998,Gesture
18,-60,1020,Gesture
20,-144,1014,Gesture
2,-132,1056,Gesture
20,-165,1014,Gesture
-12,-108,1043,Gesture
-6,-93,1019,Gesture
-21,-68,1028,Gesture
-31,-33,1025,Gesture
-33,-27,1013,Gesture
-43,-32,1022,Gesture
-54,-42,1032,Gesture
-51,-57,1028,Gesture
-58,-72,1037,Gesture
-55,-71,1037,Gesture
-54,-72,1032,Gesture
-55,-77,1026,Gesture
-57,-62,1032,Gesture
-51,-53,1026,Gesture
-43,-48,1028,Gesture
-39,-56,1023,Gesture
-46,-51,1032,Gesture
-43,-65,1028,Gesture
-42,-75,1034,Gesture
-48,-66,1032,Gesture
-52,-74,1026,Gesture
-58,-53,1035,Gesture
-49,-50,1025,Gesture
-49,-45,1028,Gesture
-48,-50,1032,Gesture
-49,-51,1031,Gesture
-46,-59,1026,Gesture
-54,-63,1028,Gesture
-54,-54,1040,Gesture
-54,-47,1035,Gesture
-51,-42,1032,Gesture
-54,-41,1035,Gesture
-91,-111,996,Gesture
-85,-105,992,Gesture
-82,-120,987,Gesture
-76,-138,980,Gesture
-72,-138,984,Gesture
-66,-134,990,Gesture
-49,-135,995,Gesture
-40,-140,990,Gesture
-48,-129,1005,Gesture
-66,-122,1004,Gesture
-78,-114,1004,Gesture
-82,-113,1005,Gesture
-78,-114,998,Gesture
-76,-120,999,Gesture
-70,-114,992,Gesture
-72,-113,984,Gesture
-79,-116,978,Gesture
-84,-125,986,Gesture
-79,-120,987,Gesture
-75,-123,996,Gesture
-76,-98,1011,Gesture
-78,-87,1028,Gesture
-88,-81,1040,Gesture
-64,-80,1040,Gesture
-45,-81,1056,Gesture
-39,-95,1067,Gesture
-45,-96,1070,Gesture
-48,-95,1064,Gesture
-51,-102,1050,Gesture
-67,-102,1040,Gesture
-78,-122,1034,Gesture
-63,-111,1038,Gesture
-58,-135,1038,Gesture
-52,-143,1035,Gesture
-51,-153,1032,Gesture
-57,-137,1031,Gesture
-45,-140,1038,Gesture
-58,-155,1055,Gesture
-66,-161,1065,Gesture
-64,-140,1061,Gesture
-49,-126,1050,Gesture
-49,-131,1043,Gesture
-52,-135,1016,Gesture
-55,-143,1008,Gesture
-66,-146,1001,Gesture
-55,-159,992,Gesture
-60,-159,978,Gesture
-55,-158,989,Gesture
-48,-158,998,Gesture
-48,-150,999,Gesture
-31,-135,993,Gesture
-33,-125,1011,Gesture
-22,-125,1023,Gesture
-7,-123,1031,Gesture
3,-141,1034,Gesture
-7,-174,1059,Gesture
-30,-179,1061,Gesture
-33,-162,1056,Gesture
-57,-156,1053,Gesture
-108,-171,1049,Gesture
-145,-164,1019,Gesture
-181,-149,1028,Gesture
-187,-126,1025,Gesture
-190,-120,992,Gesture
-186,-141,975,Gesture
-184,-170,978,Gesture
-165,-161,963,Gesture
-142,-149,980,Gesture
-115,-98,948,Gesture
-66,-105,978,Gesture
-76,-129,1050,Gesture
-85,-140,1056,Gesture
-90,-153,1062,Gesture
-117,-164,1059,Gesture
-127,-164,1038,Gesture
-123,-167,1031,Gesture
-132,-149,1040,Gesture
-123,-147,1020,Gesture
-145,-143,1032,Gesture
-150,-123,993,Gesture
-135,-140,977,Gesture
-114,-137,974,Gesture
-97,-129,1004,Gesture
-111,-128,1034,Gesture
-135,-132,1010,Gesture
-165,-128,1017,Gesture
-168,-122,1005,Gesture
-133,-129,998,Gesture
-123,-165,1008,Gesture
-130,-156,1019,Gesture
-130,-156,992,Gesture
-124,-144,998,Gesture
-106,-125,996,Gesture
-82,-108,1005,Gesture
-78,-155,1008,Gesture
-70,-161,1017,Gesture
-88,-150,1019,Gesture
-99,-143,1026,Gesture
-88,-152,1008,Gesture
-87,-149,1011,Gesture
-111,-152,1014,Gesture
-103,-132,1005,Gesture
-114,-117,1005,Gesture
-129,-98,1002,Gesture
-124,-83,987,Gesture
-102,-89,995,Gesture
-85,-104,987,Gesture
-72,-107,1005,Gesture
-78,-113,999,Gesture
-87,-122,996,Gesture
-99,-102,1005,Gesture
-96,-80,1022,Gesture
-112,-62,1041,Gesture
68,-23,1209,Gesture
-69,-147,1266,Gesture
-192,-144,1131,Gesture
-79,-42,1025,Gesture
-84,-44,1017,Gesture
-81,-41,1019,Gesture
-85,-42,1023,Gesture
-94,-36,1034,Gesture
-105,-30,1034,Gesture
-123,-35,1031,Gesture
-112,-29,1041,Gesture
-112,-38,1023,Gesture
-115,-35,1025,Gesture
-117,-48,1035,Gesture
-115,-44,1034,Gesture
-121,-51,1038,Gesture
-123,-50,1022,Gesture
-129,-45,1031,Gesture
-124,-44,1040,Gesture
-114,-50,1032,Gesture
-108,-51,1038,Gesture
-115,-47,1025,Gesture
-117,-33,1017,Gesture
-118,-30,1017,Gesture
-120,-27,1031,Gesture
-111,-45,1028,Gesture
-112,-62,1044,Gesture
-106,-56,1037,Gesture
-103,-59,1035,Gesture
-102,-53,1040,Gesture
-100,-30,1037,Gesture
-105,-30,1031,Gesture
-118,-20,1022,Gesture
-118,-3,1028,Gesture
-111,-3,1037,Gesture
-93,-14,1041,Gesture
-93,-23,1031,Gesture
-85,-36,1023,Gesture
-75,-60,1025,Gesture
-75,-66,1016,Gesture
-61,-53,1037,Gesture
-91,-27,1037,Gesture
-108,22,1038,Gesture
-100,30,1040,Gesture
-99,22,1023,Gesture
-94,21,1026,Gesture
-87,10,1038,Gesture
-79,-12,1038,Gesture
-90,-23,1049,Gesture
-42,-29,1020,Gesture
-42,-24,1013,Gesture
-42,-11,1025,Gesture
-28,13,1028,Gesture
-28,13,1022,Gesture
-22,-3,1010,Gesture
-13,-59,1031,Gesture
9,-71,1026,Gesture
-1,-60,1032,Gesture
-9,-42,1034,Gesture
-24,-27,1035,Gesture
-21,-36,1053,Gesture
3,-41,1047,Gesture
-3,-45,1035,Gesture
-1,-47,1017,Gesture
-1,-23,1019,Gesture
2,1,1035,Gesture
-12,25,1020,Gesture
-21,28,1020,Gesture
-4,1,1034,Gesture
6,-18,1040,Gesture
11,-12,1040,Gesture
20,-11,1041,Gesture
32,-21,1026,Gesture
50,-35,1011,Gesture
45,-35,1013,Gesture
51,-27,1014,Gesture
44,-30,1038,Gesture
62,-17,1047,Gesture
59,-17,1058,Gesture
69,0,1056,Gesture
71,-6,1050,Gesture
86,-14,1047,Gesture
123,3,1041,Gesture
141,18,1064,Gesture
171,-2,1035,Gesture
170,-44,1041,Gesture
158,-41,1014,Gesture
155,-24,1040,Gesture
174,-12,1020,Gesture
195,12,1041,Gesture
182,27,1041,Gesture
141,45,1037,Gesture
134,54,995,Gesture
206,60,1022,Gesture
281,169,1209,Gesture
227,277,1070,Gesture
137,61,972,Gesture
236,-53,1010,Gesture
369,-116,1022,Gesture
344,-237,827,Gesture
215,-153,948,Gesture
189,-207,1022,Gesture
279,-96,1005,Gesture
225,-132,989,Gesture
186,-114,935,Gesture
263,-132,1032,Gesture
266,-104,980,Gesture
224,-90,993,Gesture
203,-75,1023,Gesture
222,-80,962,Gesture
182,-53,959,Gesture
212,-74,1049,Gesture
198,-32,995,Gesture
180,-24,995,Gesture
123,-12,1013,Gesture
134,-5,1016,Gesture
98,-41,1013,Gesture
98,-32,1013,Gesture
90,-26,1014,Gesture
72,-14,1019,Gesture
69,-17,1016,Gesture
53,-21,1028,Gesture
36,-33,1040,Gesture
38,-27,1053,Gesture
27,-15,1049,Gesture
38,-20,1053,Gesture
54,-30,1044,Gesture
62,-33,1032,Gesture
51,-36,1034,Gesture
57,-23,1031,Gesture
59,-20,1026,Gesture
68,-20,1020,Gesture
72,-27,1025,Gesture
63,-15,1034,Gesture
78,-3,1028,Gesture
74,-18,1025,Gesture
83,-29,1038,Gesture
78,-8,1017,Gesture
74,-6,1023,Gesture
83,-11,1025,Gesture
86,-18,1025,Gesture
93,-29,1026,Gesture
86,-18,1022,Gesture
59,-92,1023,Gesture
62,-90,1017,Gesture
63,-116,1011,Gesture
69,-131,1004,Gesture
80,-135,1005,Gesture
81,-129,1017,Gesture
87,-123,1031,Gesture
98,-119,1044,Gesture
108,-117,1053,Gesture
113,-120,1056,Gesture
110,-125,1050,Gesture
101,-119,1046,Gesture
93,-119,1046,Gesture
90,-107,1038,Gesture
78,-90,1040,Gesture
72,-75,1040,Gesture
66,-80,1035,Gesture
59,-80,1031,Gesture
45,-75,1023,Gesture
44,-74,1026,Gesture
47,-71,1022,Gesture
65,-87,1028,Gesture
69,-96,1034,Gesture
71,-95,1034,Gesture
72,-101,1032,Gesture
68,-101,1031,Gesture
71,-114,1023,Gesture
63,-117,1022,Gesture
66,-123,1014,Gesture
60,-126,1008,Gesture
57,-137,999,Gesture
51,-147,999,Gesture
59,-138,996,Gesture
74,-146,1005,Gesture
54,-123,1020,Gesture
53,-131,1019,Gesture
27,-147,1005,Gesture
14,-150,1005,Gesture
3,-162,995,Gesture
3,-158,1002,Gesture
11,-153,1004,Gesture
17,-143,1019,Gesture
33,-141,1028,Gesture
47,-129,1035,Gesture
63,-122,1032,Gesture
59,-111,1044,Gesture
63,-83,1041,Gesture
12,-131,1023,Gesture
17,-104,1026,Gesture
15,-89,1022,Gesture
29,-110,1019,Gesture
29,-98,1010,Gesture
53,-105,1011,Gesture
50,-108,1010,Gesture
41,-110,1010,Gesture
32,-89,1004,Gesture
38,-86,1004,Gesture
32,-93,996,Gesture
26,-101,990,Gesture
29,-111,995,Gesture
20,-110,998,Gesture
17,-98,998,Gesture
11,-80,998,Gesture
27,-83,999,Gesture
30,-96,1004,Gesture
18,-102,1008,Gesture
15,-104,1005,Gesture
14,-89,1010,Gesture
9,-83,1017,Gesture
15,-65,1020,Gesture
26,-78,1026,Gesture
27,-90,1035,Gesture
29,-92,1038,Gesture
20,-96,1037,Gesture
14,-87,1037,Gesture
12,-72,1034,Gesture
9,-59,1031,Gesture
18,-60,1035,Gesture
23,-69,1038,Gesture
26,-84,1037,Gesture
35,-90,1040,Gesture
54,-104,1037,Gesture
44,-90,1040,Gesture
41,-71,1035,Gesture
41,-66,1071,Gesture
80,-66,1100,Gesture
62,-86,1095,Gesture
17,-98,1062,Gesture
18,-84,1041,Gesture
14,-71,1031,Gesture
39,-54,1022,Gesture
26,-59,1019,Gesture
21,-68,1016,Gesture
14,-66,1013,Gesture
20,-65,1019,Gesture
21,-66,1032,Gesture
32,-71,1020,Gesture
24,-68,1034,Gesture
18,-68,1031,Gesture
11,-62,1028,Gesture
12,-47,1034,Gesture
9,-48,1040,Gesture
8,-47,1034,Gesture
8,-45,1037,Gesture
6,-51,1037,Gesture
3,-53,1035,Gesture
6,-57,1034,Gesture
3,-56,1031,Gesture
9,-68,1032,Gesture
15,-72,1032,Gesture
15,-68,1028,Gesture
17,-72,1022,Gesture
11,-65,1017,Gesture
12,-56,1019,Gesture
9,-57,1020,Gesture
14,-59,1032,Gesture
18,-71,1026,Gesture
21,-80,1031,Gesture
26,-80,1028,Gesture
20,-74,1022,Gesture
-49,-39,1046,Gesture
-46,-39,1038,Gesture
-51,-47,1040,Gesture
-49,-47,1040,Gesture
-37,-39,1028,Gesture
-40,-41,1035,Gesture
-31,-44,1025,Gesture
-25,-56,1019,Gesture
-21,-66,1017,Gesture
-21,-68,1013,Gesture
-19,-68,1019,Gesture
-27,-69,1014,Gesture
-31,-54,1014,Gesture
-40,-48,1017,Gesture
-48,-44,1019,Gesture
-51,-47,1025,Gesture
-63,-50,1013,Gesture
-58,-59,1025,Gesture
-58,-72,1028,Gesture
-52,-72,1020,Gesture
-60,-77,1037,Gesture
-67,-77,1055,Gesture
-73,-63,1059,Gesture
-66,-60,1068,Gesture
-61,-54,1056,Gesture
-57,-53,1049,Gesture
-60,-65,1047,Gesture
-61,-66,1014,Gesture
-49,-86,1046,Gesture
-42,-81,1031,Gesture
-37,-69,1028,Gesture
-42,-54,995,Gesture
-54,-41,1011,Gesture
-52,-33,998,Gesture
-45,-30,1010,Gesture
-46,-21,1014,Gesture
-58,-14,1020,Gesture
-67,-12,986,Gesture
-58,-21,1001,Gesture
-36,-54,1044,Gesture
-6,-84,1061,Gesture
24,-102,1046,Gesture
8,-86,1038,Gesture
-28,-47,1056,Gesture
-54,0,1020,Gesture
-52,33,1017,Gesture
-51,43,1026,Gesture
-39,48,1047,Gesture
-45,33,1061,Gesture
-36,13,1067,Gesture
-21,-5,1044,Gesture
-30,-17,1068,Gesture
-45,-12,1062,Gesture
-39,16,1058,Gesture
-54,43,1017,Gesture
-82,79,1019,Gesture
-58,85,1019,Gesture
-48,66,1019,Gesture
-33,48,1025,Gesture
-4,34,1011,Gesture
0,19,1011,Gesture
17,-5,1014,Gesture
42,-36,1020,Gesture
59,-45,1016,Gesture
68,-42,1020,Gesture
57,-14,1016,Gesture
42,13,1023,Gesture
41,40,1020,Gesture
50,46,1028,Gesture
60,39,1044,Gesture
71,30,1044,Gesture
81,31,1034,Gesture
75,63,1044,Gesture
98,90,1034,Gesture
116,88,1008,Gesture
104,45,1026,Gesture
119,66,1011,Gesture
141,72,1037,Gesture
138,4,1016,Gesture
147,1,1025,Gesture
155,-17,1038,Gesture
153,45,1064,Gesture
137,81,1061,Gesture
128,130,1044,Gesture
93,130,990,Gesture
153,177,1019,Gesture
128,130,1023,Gesture
170,135,1026,Gesture
200,124,1032,Gesture
213,96,1058,Gesture
258,40,1047,Gesture
255,33,1049,Gesture
384,136,1244,Gesture
353,430,1242,Gesture
228,364,1127,Gesture
125,466,1137,Gesture
152,358,953,Gesture
216,123,878,Gesture
234,169,875,Gesture
303,135,884,Gesture
320,70,885,Gesture
344,51,902,Gesture
600,-156,575,Gesture
356,123,989,Gesture
231,274,1041,Gesture
380,-8,990,Gesture
471,-140,1001,Gesture
249,40,1050,Gesture
309,-35,995,Gesture
254,57,1034,Gesture
195,25,1001,Gesture
141,72,1014,Gesture
111,102,1058,Gesture
147,100,995,Gesture
92,78,1034,Gesture
60,73,1020,Gesture
93,78,1020,Gesture
80,91,1026,Gesture
87,70,1017,Gesture
54,57,1028,Gesture
65,78,1028,Gesture
50,96,1035,Gesture
57,115,1037,Gesture
53,115,1032,Gesture
54,108,1037,Gesture
57,120,1040,Gesture
62,124,1037,Gesture
54,133,1023,Gesture
54,129,1020,Gesture
78,100,1020,Gesture
90,88,1023,Gesture
81,87,1022,Gesture
66,103,1022,Gesture
87,97,1023,Gesture
69,118,1022,Gesture
17,-152,996,Gesture
21,-161,1004,Gesture
23,-155,1010,Gesture
32,-159,1011,Gesture
41,-164,1014,Gesture
48,-161,1017,Gesture
50,-156,1016,Gesture
48,-146,1014,Gesture
50,-141,1002,Gesture
48,-149,999,Gesture
51,-162,996,Gesture
54,-168,996,Gesture
36,-183,987,Gesture
17,-180,986,Gesture
9,-195,986,Gesture
-1,-216,987,Gesture
3,-224,1001,Gesture
12,-227,1013,Gesture
21,-215,1026,Gesture
23,-204,1037,Gesture
20,-198,1043,Gesture
20,-195,1049,Gesture
23,-195,1056,Gesture
36,-194,1058,Gesture
41,-183,1061,Gesture
44,-176,1064,Gesture
50,-164,1055,Gesture
59,-153,1059,Gesture
51,-152,1047,Gesture
48,-158,1041,Gesture
42,-150,1032,Gesture
33,-147,1014,Gesture
20,-150,1008,Gesture
12,-135,998,Gesture
0,-140,992,Gesture
-10,-140,987,Gesture
0,-125,980,Gesture
6,-129,980,Gesture
21,-150,989,Gesture
21,-149,989,Gesture
39,-152,993,Gesture
39,-150,1001,Gesture
42,-150,1028,Gesture
29,-150,1038,Gesture
21,-144,1040,Gesture
26,-144,1043,Gesture
35,-147,1038,Gesture
32,-164,1023,Gesture
20,-138,1022,Gesture
9,-129,1004,Gesture
-6,-149,995,Gesture
-22,-153,993,Gesture
-22,-147,984,Gesture
-16,-144,980,Gesture
-13,-126,978,Gesture
9,-110,989,Gesture
-15,-110,999,Gesture
-21,-116,1014,Gesture
-21,-87,1016,Gesture
-10,-74,1014,Gesture
-7,-77,1004,Gesture
-7,-74,993,Gesture
-6,-80,971,Gesture
-13,-83,978,Gesture
-36,-90,989,Gesture
-27,-95,1008,Gesture
-21,-62,993,Gesture
-30,-69,995,Gesture
17,-89,1014,Gesture
9,-77,1010,Gesture
-13,-92,984,Gesture
-12,-116,995,Gesture
-22,-122,1092,Gesture
98,-168,1181,Gesture
137,-131,1127,Gesture
0,-168,1136,Gesture
-67,-98,1109,Gesture
-84,-98,1058,Gesture
-63,-90,1053,Gesture
-19,-90,1047,Gesture
6,-116,1019,Gesture
-22,-117,1017,Gesture
-39,-108,1010,Gesture
-39,-92,998,Gesture
-18,-92,1004,Gesture
-3,-123,1002,Gesture
-60,-116,998,Gesture
-85,-90,1013,Gesture
-48,-35,1010,Gesture
-10,-57,1028,Gesture
5,-53,1046,Gesture
9,-68,1046,Gesture
-10,-69,1053,Gesture
-31,-74,1049,Gesture
-51,-54,1031,Gesture
-48,-48,1032,Gesture
-54,-57,1037,Gesture
-49,-57,1047,Gesture
-27,-47,1046,Gesture
-30,-65,1035,Gesture
-48,-63,1040,Gesture
-40,-60,1047,Gesture
-52,-68,1046,Gesture
-60,-50,1046,Gesture
-48,-45,1038,Gesture
-55,-38,1044,Gesture
-69,-53,1040,Gesture
-61,-59,1037,Gesture
-58,-69,1032,Gesture
-54,-68,1031,Gesture
-54,-57,1031,Gesture
-46,-65,1028,Gesture
-48,-80,1023,Gesture
-45,-74,1026,Gesture
-46,-54,1028,Gesture
-52,-51,1034,Gesture
-49,-44,1032,Gesture
-51,-51,1031,Gesture
-49,-48,1034,Gesture
-46,-59,1035,Gesture
-42,-65,1032,Gesture
-40,-62,1035,Gesture
-42,-60,1031,Gesture
-43,-69,1034,Gesture
-48,-62,1035,Gesture
-51,-51,1034,Gesture
-54,-54,1031,Gesture
-13,-26,1034,Gesture
-12,-32,1034,Gesture
-12,-26,1037,Gesture
-9,-26,1035,Gesture
-13,-21,1032,Gesture
-12,-11,1025,Gesture
-15,-18,1034,Gesture
-24,-11,1038,Gesture
-22,-11,1044,Gesture
-28,-20,1040,Gesture
-31,-27,1034,Gesture
-39,-29,1035,Gesture
-31,-42,1031,Gesture
-31,-44,1032,Gesture
-34,-54,1037,Gesture
-34,-53,1031,Gesture
-52,-41,1035,Gesture
-48,-35,1043,Gesture
-54,-44,1041,Gesture
-67,-30,1041,Gesture
-90,-41,1004,Gesture
-97,-23,1068,Gesture
-61,-47,1008,Gesture
-102,-50,1056,Gesture
-79,-24,1043,Gesture
-88,-36,1032,Gesture
-108,-23,1058,Gesture
-91,-14,1041,Gesture
-114,-9,1065,Gesture
-106,1,1049,Gesture
-99,-15,1037,Gesture
-106,9,1040,Gesture
-85,9,1043,Gesture
-82,9,1028,Gesture
-87,1,1020,Gesture
-76,13,1001,Gesture
-66,16,1011,Gesture
-73,1,995,Gesture
-69,10,1001,Gesture
-70,19,999,Gesture
-70,19,1020,Gesture
-70,21,1034,Gesture
-70,6,1035,Gesture
-61,10,1040,Gesture
-49,1,1043,Gesture
-49,-15,1037,Gesture
-54,6,1037,Gesture
-42,13,1022,Gesture
-43,13,1023,Gesture
-31,-6,1026,Gesture
-30,-5,1034,Gesture
-28,9,1028,Gesture
-24,22,1037,Gesture
-16,30,1038,Gesture
-7,12,1041,Gesture
3,13,1037,Gesture
11,9,1034,Gesture
-3,18,1032,Gesture
-13,22,1025,Gesture
0,42,1034,Gesture
-18,61,1035,Gesture
-18,67,1037,Gesture
-15,75,1037,Gesture
-10,58,1034,Gesture
8,27,1028,Gesture
30,-3,1025,Gesture
39,-5,1010,Gesture
20,36,1008,Gesture
12,69,1005,Gesture
0,99,1013,Gesture
0,109,1010,Gesture
0,126,1031,Gesture
8,124,1034,Gesture
-1,114,1038,Gesture
-21,121,1031,Gesture
-22,139,1025,Gesture
-24,138,1028,Gesture
-28,117,1034,Gesture
8,69,1026,Gesture
30,52,1041,Gesture
32,57,1032,Gesture
36,72,1028,Gesture
17,93,1032,Gesture
18,96,1011,Gesture
18,87,998,Gesture
23,81,1001,Gesture
30,60,1004,Gesture
35,49,1022,Gesture
39,49,1023,Gesture
42,66,1037,Gesture
29,84,1041,Gesture
27,91,1041,Gesture
14,102,1025,Gesture
5,96,1043,Gesture
21,84,1038,Gesture
27,69,1053,Gesture
24,60,1046,Gesture
38,57,1032,Gesture
35,48,1035,Gesture
39,60,1020,Gesture
41,52,1025,Gesture
47,45,1031,Gesture
45,46,1037,Gesture
29,66,1034,Gesture
17,82,1034,Gesture
14,105,1037,Gesture
21,111,1047,Gesture
44,97,1035,Gesture
53,67,1028,Gesture
74,42,1014,Gesture
72,25,1008,Gesture
71,27,1017,Gesture
89,30,1034,Gesture
81,39,1031,Gesture
74,51,1032,Gesture
66,57,1023,Gesture
57,49,1019,Gesture
56,70,1034,Gesture
48,63,1040,Gesture
63,64,1026,Gesture
68,48,1017,Gesture
59,48,1014,Gesture
65,36,1011,Gesture
62,45,1028,Gesture
77,67,1044,Gesture
90,63,1038,Gesture
99,15,1016,Gesture
117,-6,1031,Gesture
134,-12,1034,Gesture
