-21,-47,1023,Gesture
-16,-44,1022,Gesture
-22,-51,1025,Gesture
-27,-41,1026,Gesture
-28,-42,1025,Gesture
-28,-38,1025,Gesture
-28,-39,1022,Gesture
-27,-36,1025,Gesture
-21,-44,1017,Gesture
-25,-51,1023,Gesture
-30,-45,1019,Gesture
-21,-38,1023,Gesture
-25,-36,1025,Gesture
-31,-35,1022,Gesture
-25,-27,1020,Gesture
-21,-35,1023,Gesture
-18,-38,1020,Gesture
-16,-45,1023,Gesture
-25,-53,1028,Gesture
-25,-33,1022,Gesture
-30,-32,1028,Gesture
-24,-15,1028,Gesture
-31,-9,1028,Gesture
-30,9,1031,Gesture
-21,-6,1034,Gesture
-19,-38,1028,Gesture
-18,-57,1016,Gesture
-15,-57,1023,Gesture
-27,-41,1023,Gesture
-27,-23,1022,Gesture
-33,-9,1032,Gesture
-27,-9,1013,Gesture
-10,54,1109,Gesture
-61,183,1053,Gesture
17,15,996,Gesture
-13,-2,1032,Gesture
6,51,995,Gesture
-4,58,1043,Gesture
-12,9,1023,Gesture
3,-5,1031,Gesture
17,243,1004,Gesture
-96,268,992,Gesture
-111,202,1071,Gesture
-70,61,1026,Gesture
-42,48,1043,Gesture
-19,130,1004,Gesture
-34,112,1053,Gesture
-30,69,1040,Gesture
-12,69,1019,Gesture
-7,58,1020,Gesture
-19,58,1026,Gesture
-24,61,1020,Gesture
-13,67,1038,Gesture
-22,43,1034,Gesture
-25,43,1013,Gesture
-28,42,1032,Gesture
-25,19,1038,Gesture
-24,12,1023,Gesture
-25,6,1031,Gesture
-33,-5,1035,Gesture
-31,-21,1034,Gesture
-18,-15,1032,Gesture
-18,-26,1023,Gesture
-16,-24,1026,Gesture
-33,-30,1026,Gesture
-31,-59,1034,Gesture
-34,-71,1022,Gesture
-25,-86,1026,Gesture
-12,-87,1005,Gesture
-13,-45,1008,Gesture
-19,-56,1005,Gesture
-30,-74,1031,Gesture
-45,-78,1035,Gesture
-42,-50,1043,Gesture
-43,-60,1026,Gesture
-48,-72,1017,Gesture
-42,-65,1002,Gesture
-42,-69,1026,Gesture
-31,-80,1013,Gesture
-18,-83,1010,Gesture
-31,-62,1002,Gesture
-42,-48,1032,Gesture
-48,-51,1047,Gesture
-58,-87,1022,Gesture
-54,-84,1019,Gesture
-55,-78,1017,Gesture
-48,-84,1019,Gesture
-46,-89,1013,Gesture
-36,-84,1008,Gesture
-52,-60,1026,Gesture
-36,-86,1016,Gesture
-48,-60,1031,Gesture
-19,-72,1037,Gesture
-16,-83,1035,Gesture
-28,-57,1034,Gesture
-21,-71,1020,Gesture
-24,-66,1022,Gesture
-4,-119,1005,Gesture
-15,-83,1025,Gesture
-19,-98,1016,Gesture
-31,-113,1013,Gesture
-16,-122,996,Gesture
-27,-122,1017,Gesture
-46,-146,1014,Gesture
-21,-182,1022,Gesture
-24,-162,1043,Gesture
6,-147,1011,Gesture
-42,-158,999,Gesture
-45,-122,1008,Gesture
-63,-137,999,Gesture
-55,-98,1026,Gesture
-45,-164,1020,Gesture
-48,-131,1023,Gesture
-31,-120,1020,Gesture
-52,-68,1019,Gesture
-51,-45,1031,Gesture
-58,-53,1016,Gesture
-60,-29,1016,Gesture
-36,-57,1004,Gesture
-28,-45,1017,Gesture
-24,-50,1011,Gesture
-40,-21,1017,Gesture
-43,-42,1037,Gesture
-28,-68,1026,Gesture
-13,-35,1025,Gesture
-6,-36,1002,Gesture
-9,-17,1019,Gesture
-10,-18,1032,Gesture
-15,-23,1022,Gesture
-9,-54,995,Gesture
-16,-27,1053,Gesture
8,-65,1023,Gesture
-12,-33,1028,Gesture
2,-54,987,Gesture
-6,-38,1034,Gesture
11,-93,1005,Gesture
-1,-59,1028,Gesture
-4,-62,1022,Gesture
12,-68,1016,Gesture
15,-251,1019,Gesture
27,-59,989,Gesture
-36,-102,1041,Gesture
57,-96,1005,Gesture
6,-272,957,Gesture
-25,-111,1028,Gesture
-22,-36,1008,Gesture
-75,-11,1041,Gesture
-37,-56,981,Gesture
44,-374,992,Gesture
23,-149,1028,Gesture
-28,-44,1031,Gesture
-108,36,1032,Gesture
26,-95,924,Gesture
-10,-323,1055,Gesture
81,-299,1031,Gesture
-12,-176,1010,Gesture
-84,124,1040,Gesture
-103,87,1005,Gesture
-10,-45,1017,Gesture
48,-173,1035,Gesture
18,-138,1010,Gesture
11,-18,1004,Gesture
-6,-27,1016,Gesture
95,-225,1008,Gesture
81,-392,966,Gesture
-4,-3,992,Gesture
-76,48,1046,Gesture
-25,-96,1047,Gesture
9,-179,1050,Gesture
0,-107,1031,Gesture
27,-77,1004,Gesture
15,-84,1014,Gesture
26,-131,1010,Gesture
23,-162,1023,Gesture
-18,-89,1035,Gesture
-19,-123,1013,Gesture
-6,-128,1017,Gesture
2,-96,1023,Gesture
11,-90,1017,Gesture
11,-96,1010,Gesture
20,-137,1011,Gesture
21,-107,1022,Gesture
27,-83,1008,Gesture
26,-59,1011,Gesture
21,-57,1014,Gesture
6,-44,1020,Gesture
11,-36,1022,Gesture
21,-53,1017,Gesture
32,-83,1026,Gesture
18,-54,1013,Gesture
26,-83,1044,Gesture
30,-105,1017,Gesture
-3,-23,1002,Gesture
-19,10,1019,Gesture
8,-42,1005,Gesture
14,-48,1016,Gesture
6,-44,1026,Gesture
18,-78,1023,Gesture
8,-107,1035,Gesture
8,-96,1026,Gesture
2,-92,1025,Gesture
6,-69,1026,Gesture
24,-72,1019,Gesture
6,-56,998,Gesture
6,-56,1008,Gesture
5,-59,1023,Gesture
23,-168,1013,Gesture
35,-234,1025,Gesture
29,-231,981,Gesture
-1,-221,1019,Gesture
-18,-156,1034,Gesture
-42,-149,1034,Gesture
-16,-116,1019,Gesture
6,-108,1014,Gesture
14,-68,1013,Gesture
6,-32,1019,Gesture
2,-15,1017,Gesture
8,-47,1016,Gesture
15,-75,1010,Gesture
20,-89,1011,Gesture
12,-78,1019,Gesture
-7,-105,1028,Gesture
0,-74,1025,Gesture
-6,-51,1026,Gesture
-6,-44,1025,Gesture
-10,-42,1023,Gesture
-6,-39,1028,Gesture
-12,-35,1020,Gesture
-10,-39,1020,Gesture
-6,-62,1022,Gesture
-10,-69,1022,Gesture
-19,-63,1031,Gesture
-18,-59,1031,Gesture
-21,-56,1028,Gesture
-16,-53,1022,Gesture
-13,-54,1022,Gesture
-18,-54,1017,Gesture
0,-65,1017,Gesture
-12,-63,1019,Gesture
-13,-57,1019,Gesture
-10,-59,1025,Gesture
-4,-57,1023,Gesture
-1,-53,1019,Gesture
5,-60,1019,Gesture
2,-66,1022,Gesture
-3,-56,1020,Gesture
-6,-53,1022,Gesture
3,-53,1019,Gesture
0,-60,1019,Gesture
-10,-57,1019,Gesture
-7,-57,1022,Gesture
-12,-54,1019,Gesture
-7,-56,1016,Gesture
-18,-57,1026,Gesture
-10,-56,1020,Gesture
-9,-63,1019,Gesture
-21,-71,1022,Gesture
-27,-81,1031,Gesture
-25,-74,1020,Gesture
-25,-63,1026,Gesture
-24,-54,1025,Gesture
-24,-59,1017,Gesture
-25,-68,1023,Gesture
-18,-68,1020,Gesture
-24,-62,1019,Gesture
-19,-56,1023,Gesture
-18,-60,1025,Gesture
-31,-65,1025,Gesture
-28,-69,1022,Gesture
-24,-63,1020,Gesture
-28,-57,1023,Gesture
-18,-72,1019,Gesture
-22,-69,1023,Gesture
-22,-65,1017,Gesture
-34,-66,1020,Gesture
-34,-65,1022,Gesture
-31,-66,1022,Gesture
-28,-69,1019,Gesture
-31,-69,1032,Gesture
-31,-65,1026,Gesture
-24,-60,1020,Gesture
-16,-62,1016,Gesture
-24,-65,1019,Gesture
-24,-60,1020,Gesture
-27,-60,1026,Gesture
-22,-62,1019,Gesture
-22,-65,1020,Gesture
-31,-72,1023,Gesture
-28,-77,1020,Gesture
-27,-63,1023,Gesture
-34,-62,1020,Gesture
-27,-56,1023,Gesture
-30,-66,1022,Gesture
-24,-62,1017,Gesture
-28,-66,1014,Gesture
-24,-72,1031,Gesture
-27,-71,1026,Gesture
-31,-57,1022,Gesture
-27,-53,1025,Gesture
-24,-56,1022,Gesture
-22,-60,1023,Gesture
-19,-71,1022,Gesture
-24,-75,1020,Gesture
-33,-62,1026,Gesture
-30,-57,1023,Gesture
-24,-53,1022,Gesture
-16,-63,1019,Gesture
-21,-62,1020,Gesture
-18,-60,1022,Gesture
-15,-62,1019,Gesture
-16,-60,1019,Gesture
-24,-60,1023,Gesture
-24,-60,1032,Gesture
-22,-63,1022,Gesture
-22,-71,1017,Gesture
-16,-66,1014,Gesture
-19,-65,1016,Gesture
-21,-68,1019,Gesture
-24,-57,1025,Gesture
-24,-57,1028,Gesture
-24,-65,1020,Gesture
-18,-59,1022,Gesture
-16,-63,1022,Gesture
-16,-66,1016,Gesture
-18,-59,1013,Gesture
-21,-66,1023,Gesture
-18,-69,1020,Gesture
-19,-69,1017,Gesture
-22,-62,1028,Gesture
-25,-60,1023,Gesture
-28,-62,1019,Gesture
-22,-63,1025,Gesture
-25,-65,1022,Gesture
-27,-63,1020,Gesture
-24,-66,1019,Gesture
-27,-66,1029,Gesture
-25,-65,1022,Gesture
-22,-72,1020,Gesture
-28,-62,1022,Gesture
-24,-68,1017,Gesture
-24,-65,1020,Gesture
-25,-71,1023,Gesture
-24,-63,1020,Gesture
-28,-62,1022,Gesture
-22,-63,1022,Gesture
-24,-66,1025,Gesture
-24,-69,1016,Gesture
-22,-60,1028,Gesture
-34,-59,1001,Gesture
-7,-72,1041,Gesture
-39,-59,1019,Gesture
-12,-69,1019,Gesture
-34,-63,1026,Gesture
-22,-69,1017,Gesture
-25,-65,1023,Gesture
-28,-65,1031,Gesture
-22,-62,1020,Gesture
-30,-66,1031,Gesture
-19,-65,1022,Gesture
-22,-63,1026,Gesture
-21,-65,1014,Gesture
-19,-65,1025,Gesture
-28,-66,1013,Gesture
-19,-62,1037,Gesture
-22,-60,1022,Gesture
-16,-65,1026,Gesture
-12,-60,1023,Gesture
-10,-66,1017,Gesture
-4,-69,1019,Gesture
-10,-69,1035,Gesture
-10,-63,1022,Gesture
-7,-57,1019,Gesture
-4,-48,1023,Gesture
-19,-45,1028,Gesture
-24,-54,1041,Gesture
-12,-59,1035,Gesture
-6,-78,1031,Gesture
6,-71,1020,Gesture
9,-77,1022,Gesture
14,-66,1016,Gesture
8,-54,1014,Gesture
8,-56,1023,Gesture
15,-69,1032,Gesture
9,-89,1037,Gesture
15,-95,1034,Gesture
17,-110,1062,Gesture
17,-119,1047,Gesture
-57,-21,1035,Gesture
-54,-27,1029,Gesture
-45,-18,1031,Gesture
-43,-41,1025,Gesture
-46,-48,1028,Gesture
-40,-54,1032,Gesture
-43,-66,1029,Gesture
-51,-66,1023,Gesture
-51,-59,1032,Gesture
-61,-42,1038,Gesture
-58,-9,1040,Gesture
-66,9,1044,Gesture
-57,-30,1008,Gesture
-87,214,1080,Gesture
-19,42,1035,Gesture
-58,0,1032,Gesture
-45,-48,1016,Gesture
-49,-33,1022,Gesture
-45,12,1050,Gesture
-45,-2,1049,Gesture
-64,16,1020,Gesture
-52,63,1046,Gesture
-48,-47,1037,Gesture
-33,-30,1028,Gesture
-3,-30,1052,Gesture
-31,213,1080,Gesture
-82,18,1025,Gesture
-96,52,1091,Gesture
-19,18,998,Gesture
-81,81,1040,Gesture
-43,-2,1055,Gesture
-30,1,1046,Gesture
-42,48,1019,Gesture
-39,28,1014,Gesture
-40,10,1046,Gesture
-34,-14,1023,Gesture
-42,0,1020,Gesture
-37,3,1038,Gesture
-45,25,1035,Gesture
-46,7,1037,Gesture
-51,-8,1035,Gesture
-49,15,1038,Gesture
-54,-15,1037,Gesture
-61,-30,1019,Gesture
-55,-24,1044,Gesture
-49,-59,1038,Gesture
-49,-39,1023,Gesture
-46,-18,1044,Gesture
-58,-26,1023,Gesture
-46,-45,1020,Gesture
-57,-20,1017,Gesture
-61,-14,1038,Gesture
-55,-38,1022,Gesture
-63,-33,1043,Gesture
-54,-39,1038,Gesture
-60,-21,1035,Gesture
-67,-20,1032,Gesture
-52,-38,1043,Gesture
-40,-29,1031,Gesture
-40,-15,1022,Gesture
-57,-11,1035,Gesture
-55,-24,1038,Gesture
-52,-21,1043,Gesture
-48,-14,1044,Gesture
-45,-29,1026,Gesture
-48,-27,1020,Gesture
-40,-27,1041,Gesture
-34,-2,1026,Gesture
-34,-15,1035,Gesture
-52,-6,1031,Gesture
-54,-27,1025,Gesture
-57,-20,1029,Gesture
-42,-33,1031,Gesture
-49,-42,1029,Gesture
-51,-77,1017,Gesture
-43,-66,1023,Gesture
-46,-60,1040,Gesture
-33,-63,1023,Gesture
-45,-39,1037,Gesture
-40,-66,1029,Gesture
-42,-62,1023,Gesture
-51,-47,1026,Gesture
-43,-41,1017,Gesture
-60,-32,1023,Gesture
-51,-60,1031,Gesture
-52,-36,1040,Gesture
-64,-38,1032,Gesture
-48,-45,1032,Gesture
-46,-38,1029,Gesture
-36,-27,1052,Gesture
-37,-15,1025,Gesture
-52,-6,1041,Gesture
-54,-8,1037,Gesture
-51,-6,1020,Gesture
-46,-42,1029,Gesture
-34,-36,1040,Gesture
-36,-12,1055,Gesture
-31,-23,1040,Gesture
-19,-39,1028,Gesture
-19,-27,1032,Gesture
-21,-17,1022,Gesture
-4,-53,1016,Gesture
-10,-48,1038,Gesture
-12,-71,1031,Gesture
-15,-65,1026,Gesture
-19,-98,1032,Gesture
6,-122,1029,Gesture
0,-77,1022,Gesture
-3,-65,1019,Gesture
-15,-101,1028,Gesture
-10,-105,1029,Gesture
-6,-116,1023,Gesture
-18,-129,1031,Gesture
-24,-92,1020,Gesture
-21,-125,1016,Gesture
-31,-107,1007,Gesture
-22,-110,1028,Gesture
-13,-117,1029,Gesture
-25,-90,1011,Gesture
-22,-95,1028,Gesture
-37,-122,1020,Gesture
-37,-116,1007,Gesture
-36,-84,1020,Gesture
-33,-75,1029,Gesture
-25,-89,1035,Gesture
-19,-21,1031,Gesture
-22,-29,1037,Gesture
-22,-21,1038,Gesture
-25,-18,1038,Gesture
-18,-24,1028,Gesture
-12,-11,1025,Gesture
-13,-8,1023,Gesture
-27,3,1029,Gesture
-31,-12,1038,Gesture
-31,-24,1041,Gesture
-21,-38,1047,Gesture
-12,-41,1041,Gesture
-4,-47,1049,Gesture
6,-65,1029,Gesture
9,-44,1076,Gesture
8,-81,1047,Gesture
27,-129,1085,Gesture
26,-153,1086,Gesture
-24,120,1161,Gesture
99,-375,1049,Gesture
29,-470,1109,Gesture
102,-600,1092,Gesture
99,-645,1085,Gesture
83,-681,1085,Gesture
93,-687,1085,Gesture
69,-651,1076,Gesture
45,-633,1071,Gesture
54,-624,1052,Gesture
29,-615,1026,Gesture
-19,-561,998,Gesture
-40,-504,944,Gesture
-69,-486,920,Gesture
-84,-507,882,Gesture
-78,-525,858,Gesture
-81,-509,842,Gesture
-93,-414,873,Gesture
-70,-345,887,Gesture
-61,-291,915,Gesture
-43,-251,941,Gesture
-48,-225,956,Gesture
-45,-234,948,Gesture
-70,-233,965,Gesture
-57,-191,978,Gesture
-78,-218,968,Gesture
-105,-158,963,Gesture
-106,-66,1002,Gesture
-90,9,1070,Gesture
-67,16,1079,Gesture
-49,36,1091,Gesture
-63,60,1094,Gesture
-70,70,1070,Gesture
-106,93,1062,Gesture
-133,100,1044,Gesture
-139,120,1040,Gesture
-114,136,1025,Gesture
-88,207,1020,Gesture
-67,262,1049,Gesture
-79,324,1083,Gesture
-49,330,1085,Gesture
-67,345,1100,Gesture
-69,370,1113,Gesture
-52,390,1118,Gesture
-52,406,1115,Gesture
-52,420,1110,Gesture
-52,412,1089,Gesture
-63,411,1082,Gesture
-66,405,1064,Gesture
-64,385,1049,Gesture
-57,358,1038,Gesture
-34,351,1028,Gesture
-28,331,1026,Gesture
-28,294,1008,Gesture
-24,277,989,Gesture
-31,246,984,Gesture
-24,202,972,Gesture
-22,166,972,Gesture
-10,133,966,Gesture
-10,118,966,Gesture
-4,87,981,Gesture
5,69,995,Gesture
24,57,1011,Gesture
50,34,1028,Gesture
47,19,1026,Gesture
65,10,1043,Gesture
66,-8,1049,Gesture
60,-12,1050,Gesture
48,-6,1061,Gesture
44,-8,1064,Gesture
35,-3,1064,Gesture
44,25,1098,Gesture
45,-3,1103,Gesture
60,-20,1139,Gesture
11,3,1119,Gesture
-9,13,1089,Gesture
-16,31,1067,Gesture
-22,16,1062,Gesture
-21,-5,1055,Gesture
-27,-32,1055,Gesture
-22,-42,1049,Gesture
-36,-56,1035,Gesture
-57,-45,1037,Gesture
-60,-48,1028,Gesture
-75,-48,1022,Gesture
-76,-56,1017,Gesture
-79,-68,1008,Gesture
-76,-75,1016,Gesture
-81,-90,1022,Gesture
-75,-87,1026,Gesture
-60,-107,1047,Gesture
-45,-93,1040,Gesture
-85,-80,1059,Gesture
-72,-81,1040,Gesture
-70,-116,1059,Gesture
-63,-107,1071,Gesture
-48,-90,1079,Gesture
-31,-96,1091,Gesture
-45,-74,1083,Gesture
-49,-68,1079,Gesture
-45,-35,1067,Gesture
-49,-35,1070,Gesture
-52,-41,1065,Gesture
-25,-36,1065,Gesture
-6,-36,1085,Gesture
11,-29,1091,Gesture
9,4,1092,Gesture
2,25,1089,Gesture
8,34,1086,Gesture
6,25,1068,Gesture
18,13,1061,Gesture
23,-3,1043,Gesture
17,-17,1028,Gesture
18,-21,1016,Gesture
15,-33,1002,Gesture
18,-32,993,Gesture
17,-27,990,Gesture
-40,-48,1028,Gesture
-43,-45,1037,Gesture
-46,-42,1035,Gesture
-46,-53,1031,Gesture
-49,-56,1032,Gesture
-40,-44,1028,Gesture
-42,-48,1019,Gesture
-42,-57,1028,Gesture
-34,-48,1023,Gesture
-43,-63,1029,Gesture
-46,-57,1029,Gesture
-46,-44,1037,Gesture
-43,-41,1031,Gesture
-45,-50,1029,Gesture
-51,-57,1031,Gesture
-43,-54,1028,Gesture
-49,-44,1029,Gesture
-52,-26,1038,Gesture
-45,-26,1031,Gesture
-60,-32,1031,Gesture
-57,-32,1037,Gesture
-43,-50,1025,Gesture
-48,-75,1020,Gesture
-42,-90,1023,Gesture
-48,-80,1026,Gesture
-45,-59,1029,Gesture
-54,-6,1038,Gesture
-42,-26,1028,Gesture
-48,-32,1037,Gesture
-48,6,1025,Gesture
-48,-47,1028,Gesture
-45,-20,1023,Gesture
-46,-27,1025,Gesture
-51,-18,1032,Gesture
-46,-35,1017,Gesture
-55,-6,1035,Gesture
-48,-48,1031,Gesture
-48,-11,1011,Gesture
-55,-23,1058,Gesture
-63,-83,1023,Gesture
-43,-38,1017,Gesture
-63,-59,1131,Gesture
-34,-20,1022,Gesture
-46,190,1014,Gesture
-70,3,1025,Gesture
-67,-26,1049,Gesture
-34,-21,1019,Gesture
-63,24,1044,Gesture
-57,21,1047,Gesture
-51,15,1038,Gesture
-58,12,1046,Gesture
-49,-6,1025,Gesture
-48,-5,1029,Gesture
-63,25,1035,Gesture
-60,13,1041,Gesture
-67,-20,1026,Gesture
-72,7,1031,Gesture
-81,30,1043,Gesture
-78,0,1055,Gesture
-78,7,1035,Gesture
-57,-20,1031,Gesture
-82,-9,1029,Gesture
-64,-11,1025,Gesture
-76,-14,1041,Gesture
-67,0,1037,Gesture
-66,-21,1029,Gesture
-81,-33,1019,Gesture
-85,-27,1025,Gesture
-84,-32,1038,Gesture
-75,-50,1029,Gesture
-84,-63,1050,Gesture
-61,-62,1037,Gesture
-60,-29,1007,Gesture
-58,-42,1014,Gesture
-75,-56,1031,Gesture
-75,-44,1029,Gesture
-79,-48,1047,Gesture
-73,-71,1028,Gesture
-75,-45,1028,Gesture
-70,-57,1029,Gesture
-81,-56,1044,Gesture
-91,-68,1020,Gesture
-96,-62,1044,Gesture
-81,-71,1028,Gesture
-81,-77,1017,Gesture
-85,-72,1014,Gesture
-75,-74,1011,Gesture
-87,-84,1020,Gesture
-91,-72,1032,Gesture
-93,-77,1028,Gesture
-97,-83,1023,Gesture
-90,-74,1022,Gesture
-84,-89,1028,Gesture
-84,-96,1029,Gesture
-73,-107,1010,Gesture
-91,-86,1020,Gesture
-102,-99,1035,Gesture
-109,-69,1022,Gesture
-91,-80,1017,Gesture
-106,-80,1031,Gesture
-99,-77,1025,Gesture
-103,-57,1032,Gesture
-108,-29,1020,Gesture
-85,-48,1022,Gesture
-79,-21,1022,Gesture
-78,-38,1010,Gesture
-91,-17,1049,Gesture
-93,-15,1032,Gesture
-93,-15,1037,Gesture
-84,-11,1035,Gesture
-87,0,1031,Gesture
-96,4,1022,Gesture
-96,16,1061,Gesture
-91,-5,1032,Gesture
-94,31,1016,Gesture
-82,12,1037,Gesture
-79,27,1050,Gesture
-76,43,1040,Gesture
-76,10,1028,Gesture
-82,12,1041,Gesture
-70,-6,1031,Gesture
39,234,1037,Gesture
72,201,1052,Gesture
99,181,1056,Gesture
95,117,1062,Gesture
110,82,1073,Gesture
140,7,1040,Gesture
107,37,1007,Gesture
107,36,1008,Gesture
126,-11,956,Gesture
89,-65,917,Gesture
104,-95,902,Gesture
99,-89,894,Gesture
111,-98,890,Gesture
78,-80,861,Gesture
114,3,1011,Gesture
218,-42,1070,Gesture
207,-140,1121,Gesture
327,-275,1283,Gesture
488,-330,1349,Gesture
249,-233,1167,Gesture
30,-138,989,Gesture
-12,-41,993,Gesture
18,27,1032,Gesture
12,3,962,Gesture
5,-102,1035,Gesture
27,-83,1058,Gesture
21,-102,1058,Gesture
21,-150,1049,Gesture
36,-161,1022,Gesture
29,-179,1020,Gesture
41,-150,1023,Gesture
33,-107,1028,Gesture
39,-122,1031,Gesture
39,-99,1023,Gesture
42,-96,1023,Gesture
36,-93,1029,Gesture
44,-75,1020,Gesture
53,-89,1025,Gesture
48,-90,1020,Gesture
45,-96,1023,Gesture
59,-92,1025,Gesture
54,-81,1022,Gesture
54,-96,1029,Gesture
50,-80,1025,Gesture
47,-83,1022,Gesture
47,-87,1023,Gesture
45,-90,1023,Gesture
45,-104,1028,Gesture
41,-98,1022,Gesture
30,-120,1026,Gesture
29,-114,1026,Gesture
24,-108,1029,Gesture
17,-98,1029,Gesture
24,-102,1025,Gesture
36,-107,1016,Gesture
33,-110,1028,Gesture
41,-116,1020,Gesture
32,-111,1022,Gesture
33,-108,1029,Gesture
32,-104,1029,Gesture
42,-105,1022,Gesture
45,-107,1019,Gesture
53,-104,1019,Gesture
48,-104,1020,Gesture
47,-95,1014,Gesture
47,-95,1020,Gesture
44,-110,1023,Gesture
47,-93,1016,Gesture
44,-104,1020,Gesture
36,-99,1025,Gesture
38,-104,1023,Gesture
39,-98,1026,Gesture
35,-90,1026,Gesture
35,-98,1025,Gesture
39,-98,1020,Gesture
38,-98,1016,Gesture
30,-99,1020,Gesture
36,-114,1023,Gesture
33,-102,1025,Gesture
32,-102,1026,Gesture
39,-98,1022,Gesture
39,-111,1020,Gesture
42,-116,1005,Gesture
47,-116,1008,Gesture
39,-122,1019,Gesture
29,-90,1023,Gesture
17,-66,1037,Gesture
12,-77,1037,Gesture
17,-78,1035,Gesture
23,-86,1028,Gesture
18,-101,1031,Gesture
9,-105,1032,Gesture
12,-90,1026,Gesture
18,-101,1029,Gesture
9,-104,1023,Gesture
20,-110,1022,Gesture
14,-117,1028,Gesture
15,-105,1026,Gesture
17,-120,1026,Gesture
27,-111,1023,Gesture
26,-89,1011,Gesture
33,-99,1020,Gesture
44,-99,1019,Gesture
47,-90,1022,Gesture
39,-86,1019,Gesture
44,-80,1011,Gesture
41,-78,1031,Gesture
24,-66,1008,Gesture
39,-74,1052,Gesture
23,-81,1037,Gesture
35,-90,1019,Gesture
24,-60,1032,Gesture
-15,27,1038,Gesture
-25,-36,1026,Gesture
-7,7,1040,Gesture
-15,31,1019,Gesture
-30,36,1038,Gesture
-27,25,1037,Gesture
-27,27,1032,Gesture
-25,37,1038,Gesture
-24,31,1047,Gesture
-24,24,1028,Gesture
-33,18,1049,Gesture
-31,18,1043,Gesture
-31,-6,1040,Gesture
-33,9,1059,Gesture
-39,40,1049,Gesture
-36,51,1040,Gesture
-33,40,1031,Gesture
-24,67,1040,Gesture
-34,48,1031,Gesture
-21,37,1028,Gesture
-21,25,1014,Gesture
-27,16,1038,Gesture
-22,66,1049,Gesture
-13,19,1029,Gesture
-27,43,1050,Gesture
-18,37,1037,Gesture
-24,36,1032,Gesture
-24,19,1028,Gesture
-19,-14,1022,Gesture
-30,19,1040,Gesture
-39,21,1038,Gesture
-43,25,1055,Gesture
-28,36,1046,Gesture
-22,64,1026,Gesture
-42,75,1032,Gesture
-39,45,1043,Gesture
-48,49,1046,Gesture
-37,37,1040,Gesture
-39,10,1025,Gesture
-52,16,1038,Gesture
-46,-12,1043,Gesture
-40,-29,1050,Gesture
-36,-12,1038,Gesture
-52,-26,1023,Gesture
-52,-9,1016,Gesture
-55,-41,1019,Gesture
-63,-75,1028,Gesture
-36,-63,1026,Gesture
-40,-71,1037,Gesture
-46,-53,1035,Gesture
-52,-42,1047,Gesture
-67,-66,1028,Gesture
-69,-63,1028,Gesture
-73,-87,1032,Gesture
-69,-57,1032,Gesture
-55,-42,1044,Gesture
-54,-39,1046,Gesture
-34,-54,1026,Gesture
-33,-50,1035,Gesture
-31,-63,1037,Gesture
-33,-54,1031,Gesture
-30,-90,1007,Gesture
-52,-129,1014,Gesture
-39,-126,1016,Gesture
-48,-122,1017,Gesture
-40,-53,1025,Gesture
-60,-39,1047,Gesture
-21,-132,1025,Gesture
-60,-96,1046,Gesture
-43,-167,1049,Gesture
-60,-152,1037,Gesture
-39,-137,1028,Gesture
-43,-93,1029,Gesture
-42,-96,1035,Gesture
-13,-72,1011,Gesture
-46,-83,1020,Gesture
-30,-113,1011,Gesture
-18,-119,1025,Gesture
-3,-101,1022,Gesture
11,-108,1016,Gesture
-4,-95,1028,Gesture
-9,-66,1026,Gesture
-3,-89,1028,Gesture
8,-104,1019,Gesture
23,-111,1032,Gesture
66,-96,987,Gesture
59,-44,1029,Gesture
44,-63,1037,Gesture
38,-96,1026,Gesture
50,-152,995,Gesture
156,-279,1052,Gesture
-69,-231,951,Gesture
-57,126,987,Gesture
168,-608,1134,Gesture
128,-276,1019,Gesture
237,156,854,Gesture
26,-233,1041,Gesture
108,-95,1067,Gesture
-81,-146,947,Gesture
30,-57,948,Gesture
-7,-129,981,Gesture
-81,-299,1046,Gesture
-78,-222,1032,Gesture
-118,-164,1047,Gesture
-151,-129,1068,Gesture
-148,-132,1046,Gesture
-142,-125,1010,Gesture
-87,-110,1019,Gesture
-75,-155,1026,Gesture
-66,-161,1011,Gesture
-43,-153,1038,Gesture
-27,-206,1005,Gesture
-16,-207,1001,Gesture
6,-282,998,Gesture
-12,-294,1008,Gesture
150,-1233,1259,Gesture
167,-1134,609,Gesture
48,-479,1056,Gesture
-172,-2,1026,Gesture
-49,-335,1044,Gesture
-105,-419,1020,Gesture
-75,-215,1001,Gesture
-81,-153,1007,Gesture
-96,-152,1007,Gesture
-78,-137,1032,Gesture
-55,-135,1025,Gesture
-30,-134,1010,Gesture
-25,-153,995,Gesture
-33,-170,1010,Gesture
-33,-111,1016,Gesture
-21,-129,998,Gesture
-39,-92,1026,Gesture
-30,-63,1019,Gesture
-19,-45,1022,Gesture
-15,-81,1029,Gesture
-30,-72,1025,Gesture
-52,-54,1035,Gesture
-58,-65,1047,Gesture
-69,-72,1044,Gesture
-69,-65,1041,Gesture
-67,-63,1032,Gesture
-58,-69,1029,Gesture
-66,-68,1035,Gesture
-30,-252,960,Gesture
-27,-275,954,Gesture
-16,-282,956,Gesture
-16,-281,948,Gesture
-10,-296,942,Gesture
-10,-300,944,Gesture
-13,-306,944,Gesture
-7,-329,941,Gesture
5,-351,939,Gesture
-7,-353,941,Gesture
-16,-336,944,Gesture
-19,-332,951,Gesture
-16,-329,951,Gesture
-6,-333,960,Gesture
3,-342,965,Gesture
12,-356,974,Gesture
11,-371,966,Gesture
11,-386,965,Gesture
-1,-386,968,Gesture
-9,-378,965,Gesture
-15,-371,972,Gesture
-18,-362,974,Gesture
-21,-363,977,Gesture
-15,-363,980,Gesture
-6,-377,986,Gesture
-4,-372,990,Gesture
2,-369,999,Gesture
11,-359,999,Gesture
24,-357,1007,Gesture
48,-354,1020,Gesture
71,-341,1047,Gesture
56,-317,1055,Gesture
23,-300,1044,Gesture
21,-284,1038,Gesture
36,-261,1020,Gesture
35,-273,1023,Gesture
45,-272,1023,Gesture
44,-258,1017,Gesture
50,-266,1014,Gesture
59,-267,1010,Gesture
71,-264,1016,Gesture
68,-251,1008,Gesture
65,-236,1005,Gesture
48,-227,1005,Gesture
50,-230,1001,Gesture
39,-242,998,Gesture
44,-249,998,Gesture
44,-249,995,Gesture
50,-233,990,Gesture
41,-228,990,Gesture
38,-234,986,Gesture
35,-243,983,Gesture
41,-254,980,Gesture
33,-254,977,Gesture
33,-260,978,Gesture
26,-257,980,Gesture
15,-258,975,Gesture
14,-264,968,Gesture
15,-285,963,Gesture
9,-284,959,Gesture
8,-290,960,Gesture
5,-297,962,Gesture
0,-299,963,Gesture
-4,-302,959,Gesture
-10,-305,956,Gesture
-12,-315,956,Gesture
-7,-311,956,Gesture
-6,-324,962,Gesture
-16,-329,969,Gesture
-16,-330,978,Gesture
-25,-329,980,Gesture
-24,-327,981,Gesture
-21,-324,993,Gesture
-19,-327,1001,Gesture
-18,-329,998,Gesture
-27,-323,995,Gesture
-39,-323,983,Gesture
-40,-338,977,Gesture
-51,-342,969,Gesture
-61,-362,974,Gesture
-73,-383,972,Gesture
-72,-387,974,Gesture
-69,-392,975,Gesture
-78,-396,956,Gesture
-75,-413,953,Gesture
-72,-419,962,Gesture
-52,-450,969,Gesture
-54,-461,956,Gesture
-64,-440,972,Gesture
-67,-444,965,Gesture
-67,-435,965,Gesture
-69,-468,951,Gesture
-70,-465,948,Gesture
-81,-479,942,Gesture
-94,-458,947,Gesture
-103,-459,939,Gesture
-103,-446,942,Gesture
-87,-459,938,Gesture
-73,-485,948,Gesture
-72,-468,948,Gesture
-81,-443,954,Gesture
-97,-419,948,Gesture
-114,-411,942,Gesture
-121,-413,932,Gesture
-112,-423,941,Gesture
-93,-423,945,Gesture
-78,-399,954,Gesture
-87,-377,965,Gesture
-82,-348,969,Gesture
-73,-321,959,Gesture
-70,-305,948,Gesture
-69,-300,932,Gesture
-75,-297,921,Gesture
-78,-291,921,Gesture
-81,-285,945,Gesture
-51,-278,957,Gesture
-27,-245,972,Gesture
-33,-69,1031,Gesture
-27,-65,1035,Gesture
-30,-68,1028,Gesture
-24,-74,1029,Gesture
-22,-75,1026,Gesture
-24,-68,1023,Gesture
-22,-72,1025,Gesture
-21,-65,1026,Gesture
-16,-68,1023,Gesture
-21,-75,1028,Gesture
-19,-72,1028,Gesture
-22,-74,1028,Gesture
-24,-65,1029,Gesture
-19,-69,1029,Gesture
-6,-54,1028,Gesture
-3,-62,1011,Gesture
-24,-63,1023,Gesture
-27,-54,1031,Gesture
-37,-45,1035,Gesture
-25,-36,1041,Gesture
5,-14,1040,Gesture
-16,-26,1038,Gesture
-10,-23,1019,Gesture
-28,39,1043,Gesture
-28,87,1043,Gesture
-36,60,1038,Gesture
-16,30,1028,Gesture
20,54,1035,Gesture
20,73,1028,Gesture
2,94,1031,Gesture
6,78,1032,Gesture
14,124,1031,Gesture
-16,117,1037,Gesture
-64,201,1032,Gesture
-108,201,1022,Gesture
-13,108,1029,Gesture
23,-36,1067,Gesture
-40,94,1073,Gesture
-85,120,1043,Gesture
-114,108,1082,Gesture
-117,115,1070,Gesture
-88,129,1046,Gesture
-78,100,1050,Gesture
-55,156,1041,Gesture
-46,157,1056,Gesture
-108,124,1029,Gesture
-135,103,1019,Gesture
-151,103,1043,Gesture
-115,9,1070,Gesture
-153,9,1092,Gesture
-165,-23,1068,Gesture
-169,3,1056,Gesture
-186,4,1049,Gesture
-210,-8,1067,Gesture
-216,-72,1046,Gesture
-217,-90,1029,Gesture
-130,-102,1010,Gesture
-64,-159,999,Gesture
-93,-128,1052,Gesture
-136,-74,1041,Gesture
-166,-15,1020,Gesture
-136,-23,1032,Gesture
-82,-29,1025,Gesture
-96,28,1029,Gesture
-129,63,1064,Gesture
-99,-5,1049,Gesture
-76,48,1011,Gesture
-51,48,1049,Gesture
-61,13,1028,Gesture
-31,72,1016,Gesture
-42,54,1038,Gesture
-55,48,1064,Gesture
-51,49,1044,Gesture
-51,112,1037,Gesture
-27,120,1043,Gesture
-27,111,1104,Gesture
-19,100,1073,Gesture
-40,142,1070,Gesture
-36,145,1058,Gesture
-48,172,1080,Gesture
-24,168,1052,Gesture
-39,181,1026,Gesture
-39,189,1080,Gesture
53,57,1059,Gesture
44,51,1056,Gesture
98,39,1041,Gesture
89,70,1055,Gesture
96,0,1058,Gesture
45,7,1043,Gesture
62,43,1058,Gesture
42,-50,1031,Gesture
-6,43,1035,Gesture
-12,25,1019,Gesture
-13,-2,1004,Gesture
-37,127,1046,Gesture
-24,-15,1082,Gesture
2,-47,1017,Gesture
-22,-65,1044,Gesture
-13,-162,998,Gesture
-13,-185,999,Gesture
-10,-362,989,Gesture
12,-396,1001,Gesture
59,-371,965,Gesture
83,-458,963,Gesture
296,-1023,1092,Gesture
-72,-332,615,Gesture
-291,-335,894,Gesture
305,-911,951,Gesture
54,-882,954,Gesture
42,-678,879,Gesture
71,-740,899,Gesture
87,-839,899,Gesture
65,-825,924,Gesture
101,-842,885,Gesture
95,-824,944,Gesture
77,-779,951,Gesture
35,-669,972,Gesture
57,-614,939,Gesture
59,-537,965,Gesture
51,-476,941,Gesture
53,-410,963,Gesture
47,-363,980,Gesture
33,-308,987,Gesture
41,-249,996,Gesture
32,-218,990,Gesture
-10,-167,1014,Gesture
-21,-128,1022,Gesture
-34,-120,1044,Gesture
-40,-101,1055,Gesture
-28,-96,1037,Gesture
-27,-102,1029,Gesture
-15,-119,1016,Gesture
-18,-135,1017,Gesture
-19,-143,1019,Gesture
-31,-125,1005,Gesture
-40,-129,1017,Gesture
-24,-128,1020,Gesture
-22,-129,1023,Gesture
-30,-302,1008,Gesture
-31,-305,1010,Gesture
-13,-308,1011,Gesture
-6,-330,1014,Gesture
-19,-327,1014,Gesture
-34,-321,1005,Gesture
-49,-323,993,Gesture
-63,-321,983,Gesture
-66,-320,978,Gesture
-63,-335,974,Gesture
-61,-342,969,Gesture
-57,-351,972,Gesture
-57,-351,975,Gesture
-52,-338,981,Gesture
-54,-326,983,Gesture
-46,-326,987,Gesture
-42,-321,990,Gesture
-34,-321,995,Gesture
-27,-317,1001,Gesture
-28,-320,1005,Gesture
-16,-320,1007,Gesture
-12,-315,1008,Gesture
-7,-312,1014,Gesture
2,-302,1022,Gesture
18,-294,1025,Gesture
14,-284,1035,Gesture
3,-273,1040,Gesture
-4,-266,1035,Gesture
-15,-255,1037,Gesture
-21,-249,1040,Gesture
-18,-240,1043,Gesture
-4,-243,1038,Gesture
2,-239,1035,Gesture
5,-237,1028,Gesture
0,-234,1019,Gesture
-1,-234,1004,Gesture
-15,-240,995,Gesture
-28,-233,983,Gesture
-40,-221,975,Gesture
-48,-219,962,Gesture
-49,-225,959,Gesture
-45,-225,954,Gesture
-54,-242,945,Gesture
-51,-249,938,Gesture
-63,-258,938,Gesture
-67,-255,932,Gesture
-72,-261,927,Gesture
-78,-270,932,Gesture
-73,-272,933,Gesture
-69,-270,945,Gesture
-61,-279,951,Gesture
-55,-287,957,Gesture
-55,-296,959,Gesture
-51,-300,960,Gesture
-54,-306,969,Gesture
-54,-303,977,Gesture
-52,-302,987,Gesture
-49,-299,990,Gesture
-43,-299,996,Gesture
-36,-305,1002,Gesture
-36,-318,1004,Gesture
-43,-321,1005,Gesture
-46,-315,1004,Gesture
-45,-314,1005,Gesture
-40,-320,1007,Gesture
-36,-339,1002,Gesture
-34,-336,1007,Gesture
-28,-359,1004,Gesture
-28,-363,1008,Gesture
-24,-359,1010,Gesture
-18,-353,1010,Gesture
-19,-351,1011,Gesture
-28,-360,1008,Gesture
-30,-369,998,Gesture
-34,-383,981,Gesture
-33,-381,989,Gesture
-34,-381,962,Gesture
-36,-371,954,Gesture
-48,-378,942,Gesture
-57,-366,935,Gesture
-78,-374,926,Gesture
-76,-369,923,Gesture
-73,-378,917,Gesture
-69,-386,914,Gesture
-66,-390,918,Gesture
-55,-407,924,Gesture
-73,-408,929,Gesture
-81,-423,933,Gesture
-84,-414,929,Gesture
-76,-414,933,Gesture
-72,-440,929,Gesture
-61,-468,939,Gesture
-55,-485,924,Gesture
-73,-485,947,Gesture
-64,-479,951,Gesture
-66,-477,974,Gesture
-75,-465,960,Gesture
-84,-437,959,Gesture
-105,-434,968,Gesture
-132,-434,962,Gesture
-142,-428,945,Gesture
-132,-423,948,Gesture
-105,-423,948,Gesture
-94,-416,948,Gesture
-109,-387,939,Gesture
-127,-377,926,Gesture
-147,-378,908,Gesture
-142,-377,903,Gesture
-136,-342,899,Gesture
-121,-323,903,Gesture
-100,-293,911,Gesture
-103,-282,914,Gesture
-82,-282,905,Gesture
-90,-308,917,Gesture
-103,-306,921,Gesture
-94,-279,926,Gesture
-100,-248,935,Gesture
-79,-200,921,Gesture
-55,-186,939,Gesture
-69,-200,957,Gesture
-70,-176,944,Gesture
-60,-170,954,Gesture
-57,-137,921,Gesture
-82,-71,1032,Gesture
-67,-71,1028,Gesture
-64,-92,1023,Gesture
-96,-101,1023,Gesture
-97,-81,1020,Gesture
-102,-92,1026,Gesture
-115,-86,1022,Gesture
-93,-80,1028,Gesture
-81,-93,1025,Gesture
-84,-102,1022,Gesture
-93,-92,1022,Gesture
-100,-86,1026,Gesture
-70,-69,1028,Gesture
-73,-96,1025,Gesture
-73,-102,1017,Gesture
-84,-105,1014,Gesture
-115,-68,1037,Gesture
-108,-39,1023,Gesture
-93,-56,1023,Gesture
-90,-74,1019,Gesture
-81,-59,1017,Gesture
-85,-71,1017,Gesture
-96,-81,1022,Gesture
-73,-42,1029,Gesture
-81,-53,1022,Gesture
-94,-44,1037,Gesture
-82,-53,1026,Gesture
-105,-50,1020,Gesture
-106,-47,1038,Gesture
-100,-63,1035,Gesture
-102,-47,1028,Gesture
-100,-53,1029,Gesture
-120,-21,1025,Gesture
-117,-36,1038,Gesture
-106,-50,1022,Gesture
-105,-33,1041,Gesture
-81,-65,1023,Gesture
-106,-57,1017,Gesture
-106,-60,1031,Gesture
-115,-81,1028,Gesture
-126,-60,1035,Gesture
-103,-68,1038,Gesture
-102,-84,1031,Gesture
-100,-95,1016,Gesture
-114,-86,1035,Gesture
-102,-108,1047,Gesture
-109,-81,1032,Gesture
-103,-92,1022,Gesture
-106,-81,1010,Gesture
-121,-110,1023,Gesture
-127,-87,1019,Gesture
-135,-62,1017,Gesture
-112,-98,1019,Gesture
-127,-84,1031,Gesture
-108,-84,1010,Gesture
-123,-95,1007,Gesture
-123,-83,1014,Gesture
-123,-80,1031,Gesture
-109,-87,1002,Gesture
-106,-101,1028,Gesture
-138,-92,1026,Gesture
-163,-95,1010,Gesture
-162,-99,1020,Gesture
-132,-74,1019,Gesture
-115,-78,1037,Gesture
-100,-38,1007,Gesture
-141,-131,1004,Gesture
-183,-30,987,Gesture
-204,-120,999,Gesture
-169,-74,1040,Gesture
-189,-68,1044,Gesture
-126,-21,1035,Gesture
-132,-57,1035,Gesture
-174,-50,1005,Gesture
-157,-38,977,Gesture
-181,-48,995,Gesture
-189,-57,1014,Gesture
-219,-108,1023,Gesture
-180,-68,1043,Gesture
-168,-86,1032,Gesture
-229,-54,1004,Gesture
-222,-60,999,Gesture
-223,-93,1001,Gesture
-195,-54,1022,Gesture
-220,-60,1025,Gesture
-192,-50,1020,Gesture
-195,-69,1011,Gesture
-199,1,1007,Gesture
-216,-33,1017,Gesture
-247,7,1025,Gesture
-246,45,1014,Gesture
-255,84,1046,Gesture
-246,99,1047,Gesture
-253,112,1047,Gesture
-259,130,1044,Gesture
-241,220,1043,Gesture
-240,195,1059,Gesture
-229,232,1052,Gesture
-220,235,1035,Gesture
-199,231,1016,Gesture
-204,291,1056,Gesture
-181,277,1055,Gesture
-199,292,1055,Gesture
-214,324,1082,Gesture
-184,369,1068,Gesture
-174,316,1083,Gesture
-231,390,1071,Gesture
-271,516,1118,Gesture
-258,508,1089,Gesture
-226,445,1047,Gesture
-169,402,1077,Gesture
-87,181,1043,Gesture
-21,54,1052,Gesture
47,69,1032,Gesture
27,37,1004,Gesture
-24,73,1005,Gesture
-66,-30,998,Gesture
-73,-168,1028,Gesture
-103,-327,986,Gesture
-169,-407,1008,Gesture
-187,-375,1016,Gesture
-184,-434,947,Gesture
-198,-306,965,Gesture
-171,-387,996,Gesture
-157,-471,998,Gesture
-166,-503,954,Gesture
-121,-530,981,Gesture
-168,-558,948,Gesture
-169,-558,944,Gesture
-144,-525,975,Gesture
-145,-512,957,Gesture
-150,-507,935,Gesture
99,-233,896,Gesture
75,-222,885,Gesture
63,-212,884,Gesture
54,-215,890,Gesture
12,-206,900,Gesture
-24,-194,906,Gesture
-49,-159,914,Gesture
-54,-173,923,Gesture
-46,-140,939,Gesture
-40,-147,954,Gesture
-12,-165,977,Gesture
14,-164,987,Gesture
23,-168,1001,Gesture
36,-183,1007,Gesture
47,-203,1014,Gesture
42,-239,1016,Gesture
18,-282,1029,Gesture
-22,-291,1041,Gesture
-48,-311,1041,Gesture
-66,-305,1032,Gesture
-69,-311,1025,Gesture
-58,-315,1028,Gesture
-31,-324,1029,Gesture
-1,-338,1032,Gesture
32,-332,1043,Gesture
65,-356,1037,Gesture
90,-368,1029,Gesture
111,-371,1002,Gesture
125,-363,989,Gesture
129,-371,984,Gesture
120,-371,983,Gesture
119,-371,981,Gesture
128,-387,987,Gesture
126,-389,995,Gesture
125,-381,993,Gesture
113,-368,974,Gesture
104,-359,954,Gesture
98,-356,956,Gesture
77,-339,962,Gesture
35,-320,978,Gesture
21,-282,984,Gesture
18,-255,995,Gesture
5,-237,998,Gesture
11,-212,983,Gesture
30,-212,1002,Gesture
35,-224,998,Gesture
27,-227,990,Gesture
14,-252,984,Gesture
-7,-261,986,Gesture
-24,-258,987,Gesture
-48,-243,989,Gesture
-57,-239,984,Gesture
-49,-239,989,Gesture
-45,-243,989,Gesture
-46,-248,980,Gesture
-48,-266,972,Gesture
-51,-275,972,Gesture
-76,-267,972,Gesture
-108,-252,983,Gesture
-106,-240,995,Gesture
-94,-239,1019,Gesture
-94,-240,1029,Gesture
-103,-231,1029,Gesture
-102,-240,1032,Gesture
-102,-249,1028,Gesture
-105,-257,1017,Gesture
-105,-269,1011,Gesture
-100,-270,1022,Gesture
-103,-276,1028,Gesture
-100,-279,1035,Gesture
-90,-269,1038,Gesture
-84,-275,1040,Gesture
-84,-278,1041,Gesture
-76,-278,1043,Gesture
-52,-282,1035,Gesture
-34,-270,1035,Gesture
-31,-275,1023,Gesture
-39,-264,1022,Gesture
-36,-264,1019,Gesture
-22,-276,1019,Gesture
-3,-285,1026,Gesture
17,-273,1032,Gesture
26,-270,1023,Gesture
23,-258,1014,Gesture
8,-254,1004,Gesture
-12,-258,986,Gesture
-15,-270,965,Gesture
-15,-285,956,Gesture
-18,-302,956,Gesture
-15,-296,959,Gesture
-4,-305,959,Gesture
2,-305,965,Gesture
8,-314,972,Gesture
12,-299,974,Gesture
6,-284,972,Gesture
-10,-272,974,Gesture
-21,-270,974,Gesture
-22,-273,977,Gesture
-24,-270,980,Gesture
-15,-260,989,Gesture
-9,-249,986,Gesture
14,-237,998,Gesture
8,-240,996,Gesture
-6,-234,1001,Gesture
-25,-210,1010,Gesture
-37,-213,1005,Gesture
-39,-207,1002,Gesture
-33,-201,1005,Gesture
-16,-195,1005,Gesture
-9,-204,999,Gesture
-15,-203,996,Gesture
-18,-200,995,Gesture
-18,-222,984,Gesture
-24,-216,977,Gesture
-16,-221,974,Gesture
-15,-221,969,Gesture
-16,-231,969,Gesture
-19,-225,968,Gesture
-22,-230,966,Gesture
-30,-227,962,Gesture
-25,-234,959,Gesture
-34,-237,954,Gesture
-30,-242,956,Gesture
-31,-245,963,Gesture
-28,-261,977,Gesture
-34,-242,981,Gesture
-30,-240,987,Gesture
-21,-245,1002,Gesture
-24,-249,1008,Gesture
-24,-243,1017,Gesture
-13,-240,1029,Gesture
-9,-98,1020,Gesture
-57,-12,1032,Gesture
27,-6,1064,Gesture
-18,-50,1005,Gesture
29,-48,1016,Gesture
8,-39,1017,Gesture
-43,-21,1025,Gesture
-42,-36,1019,Gesture
-66,-45,1020,Gesture
-54,-93,1031,Gesture
-49,-101,1022,Gesture
-46,-90,1028,Gesture
-63,-98,1025,Gesture
-66,-95,1038,Gesture
-82,-86,1031,Gesture
-64,-72,1038,Gesture
-51,-78,1037,Gesture
-70,-102,1035,Gesture
-73,-86,1026,Gesture
-55,-72,1031,Gesture
-46,-84,1022,Gesture
-28,-101,1014,Gesture
-58,-102,1025,Gesture
-43,-74,1022,Gesture
-43,-86,1031,Gesture
-49,-84,1031,Gesture
-57,-77,1028,Gesture
-34,-68,1022,Gesture
-60,-87,1022,Gesture
-90,-59,1008,Gesture
-138,-50,1026,Gesture
-132,-38,983,Gesture
-78,-35,1032,Gesture
-30,-62,1049,Gesture
-36,-41,1025,Gesture
-70,-84,1025,Gesture
-97,-86,996,Gesture
-112,-83,1020,Gesture
-102,-92,1031,Gesture
-61,-120,1029,Gesture
-76,-101,1035,Gesture
-97,-80,1026,Gesture
-106,-77,1028,Gesture
-96,-50,1001,Gesture
-109,-99,1019,Gesture
-141,-77,1004,Gesture
-133,-87,1023,Gesture
-111,-89,1004,Gesture
-112,-89,1031,Gesture
-121,-83,1017,Gesture
-108,-63,1022,Gesture
-93,-96,1011,Gesture
-100,-105,1017,Gesture
-99,-80,1002,Gesture
-96,-104,1005,Gesture
-142,-93,1017,Gesture
-147,-102,1011,Gesture
-162,-141,1032,Gesture
-174,-153,1026,Gesture
-154,-113,1029,Gesture
-154,-119,1050,Gesture
-172,-117,1026,Gesture
-139,-98,1017,Gesture
-127,-137,1031,Gesture
-115,-114,1001,Gesture
-115,-102,1005,Gesture
-138,-123,1014,Gesture
-127,-134,1011,Gesture
-121,-111,1029,Gesture
-111,-137,1022,Gesture
-120,-108,1019,Gesture
-94,-81,1010,Gesture
-102,-104,1025,Gesture
-117,-89,1032,Gesture
-94,-99,1032,Gesture
-73,-108,1002,Gesture
-97,-84,1011,Gesture
-75,-102,1002,Gesture
-69,-92,1005,Gesture
-90,-95,1020,Gesture
-82,-86,1029,Gesture
-88,-114,1022,Gesture
-87,-111,1002,Gesture
-79,-128,996,Gesture
-75,-110,1002,Gesture
-81,-89,1016,Gesture
-93,-92,1010,Gesture
-94,-81,1019,Gesture
-64,-86,1017,Gesture
-39,-93,1029,Gesture
-63,-89,1047,Gesture
-78,-83,1001,Gesture
-82,-48,1028,Gesture
-67,-93,1017,Gesture
-75,-98,1041,Gesture
-72,-72,1035,Gesture
-73,-84,1026,Gesture
-87,-80,1032,Gesture
-76,-78,1022,Gesture
-70,-87,1028,Gesture
-70,-83,1032,Gesture
-63,-57,1035,Gesture
-54,-45,1022,Gesture
-61,-30,1032,Gesture
-27,-21,1025,Gesture
-34,-5,1031,Gesture
-51,25,1031,Gesture
-60,54,1031,Gesture
-46,69,1037,Gesture
-40,82,1050,Gesture
-24,99,1040,Gesture
-36,106,1062,Gesture
-33,141,1065,Gesture
-7,204,1079,Gesture
-16,268,1071,Gesture
-48,321,1083,Gesture
-73,375,1080,Gesture
-52,340,1079,Gesture
-28,363,1094,Gesture
-15,453,1080,Gesture
20,514,1076,Gesture
57,520,1079,Gesture
30,541,1073,Gesture
-13,567,1080,Gesture
128,-227,1007,Gesture
114,-218,1014,Gesture
105,-194,1008,Gesture
104,-174,1010,Gesture
116,-174,1017,Gesture
99,-189,1026,Gesture
80,-191,1029,Gesture
74,-188,1019,Gesture
51,-176,1007,Gesture
39,-186,984,Gesture
41,-203,974,Gesture
29,-225,974,Gesture
-6,-234,986,Gesture
-13,-255,980,Gesture
-3,-290,975,Gesture
-19,-285,977,Gesture
2,-245,974,Gesture
-4,-254,1007,Gesture
-72,-272,1065,Gesture
-118,-281,1124,Gesture
-159,-257,1205,Gesture
-151,-248,1209,Gesture
-99,-219,1161,Gesture
-79,-210,1101,Gesture
-100,-221,1046,Gesture
-123,-240,983,Gesture
-153,-276,936,Gesture
-198,-288,905,Gesture
-234,-299,893,Gesture
-231,-305,887,Gesture
-226,-315,905,Gesture
-216,-326,926,Gesture
-187,-324,956,Gesture
-163,-332,969,Gesture
-144,-333,995,Gesture
-153,-332,1010,Gesture
-148,-323,1008,Gesture
-151,-311,998,Gesture
-153,-293,977,Gesture
-151,-276,977,Gesture
-154,-257,969,Gesture
-160,-236,974,Gesture
-156,-218,975,Gesture
-166,-228,989,Gesture
-168,-228,1004,Gesture
-166,-236,1004,Gesture
-159,-242,993,Gesture
-151,-251,986,Gesture
-151,-254,983,Gesture
-163,-252,980,Gesture
-156,-258,983,Gesture
-157,-260,977,Gesture
-154,-266,983,Gesture
-151,-279,986,Gesture
-144,-282,990,Gesture
-139,-287,983,Gesture
-144,-284,984,Gesture
-141,-278,986,Gesture
-139,-272,983,Gesture
-132,-272,984,Gesture
-129,-278,1001,Gesture
-136,-275,999,Gesture
-148,-266,995,Gesture
-156,-255,981,Gesture
-156,-266,977,Gesture
-154,-267,974,Gesture
-157,-266,977,Gesture
-148,-267,981,Gesture
-153,-266,977,Gesture
-157,-264,980,Gesture
-163,-269,972,Gesture
-148,-269,980,Gesture
-138,-275,983,Gesture
-121,-270,995,Gesture
-112,-290,998,Gesture
-127,-281,993,Gesture
-127,-282,984,Gesture
-120,-291,980,Gesture
-120,-296,975,Gesture
-118,-282,980,Gesture
-121,-272,986,Gesture
-121,-267,984,Gesture
-126,-266,995,Gesture
-138,-275,986,Gesture
-123,-266,984,Gesture
-133,-270,983,Gesture
-135,-287,990,Gesture
-138,-269,986,Gesture
-141,-260,980,Gesture
-151,-266,969,Gesture
-150,-272,981,Gesture
-160,-293,978,Gesture
-138,-269,977,Gesture
-147,-213,947,Gesture
-180,-378,993,Gesture
-153,-290,995,Gesture
-66,-206,987,Gesture
-207,-389,999,Gesture
-108,-233,956,Gesture
-150,-302,980,Gesture
-157,-287,966,Gesture
-141,-276,969,Gesture
-147,-281,978,Gesture
-133,-279,984,Gesture
-144,-269,987,Gesture
-145,-263,986,Gesture
-151,-255,986,Gesture
-139,-267,983,Gesture
-147,-275,987,Gesture
-145,-267,978,Gesture
-145,-272,975,Gesture
-148,-272,984,Gesture
-144,-273,978,Gesture
-147,-264,984,Gesture
-156,-264,984,Gesture
-150,-260,980,Gesture
-156,-267,984,Gesture
-144,-264,978,Gesture
-135,-266,987,Gesture
-138,-266,990,Gesture
-126,-255,983,Gesture
-138,-290,990,Gesture
-121,-254,989,Gesture
-108,-224,980,Gesture
-121,-245,1008,Gesture
-126,-239,1005,Gesture
-129,-260,998,Gesture
-139,-269,983,Gesture
-150,-272,980,Gesture
-153,-281,965,Gesture
-145,-291,969,Gesture
-147,-294,975,Gesture
-147,-285,977,Gesture
-150,-278,980,Gesture
-114,-98,1031,Gesture
-127,-83,1025,Gesture
-114,-72,1008,Gesture
-121,-104,1016,Gesture
-148,-102,1017,Gesture
-123,-95,1007,Gesture
-69,-108,1031,Gesture
-115,-128,1022,Gesture
-123,-83,1004,Gesture
-130,-65,1020,Gesture
-129,-68,1020,Gesture
-127,-72,1017,Gesture
-136,-80,1022,Gesture
-120,-104,1041,Gesture
-159,-93,1029,Gesture
-163,-77,1014,Gesture
-159,-86,1014,Gesture
-142,-92,1025,Gesture
-115,-95,1017,Gesture
-121,-125,1017,Gesture
-126,-117,1028,Gesture
-130,-96,1010,Gesture
-117,-83,1005,Gesture
-133,-99,1019,Gesture
-144,-75,1004,Gesture
-132,-81,1029,Gesture
-133,-98,1029,Gesture
-139,-96,1022,Gesture
-112,-65,1019,Gesture
-121,-83,1026,Gesture
-136,-95,1014,Gesture
-120,-83,1020,Gesture
-121,-87,1038,Gesture
-103,-92,1010,Gesture
-118,-96,1008,Gesture
-126,-99,1031,Gesture
-109,-89,1031,Gesture
-114,-108,1016,Gesture
-111,-107,1017,Gesture
-118,-117,1031,Gesture
-133,-89,1028,Gesture
-111,-90,1020,Gesture
-102,-96,1035,Gesture
-69,-86,1020,Gesture
-84,-84,1017,Gesture
-82,-72,1010,Gesture
-81,-89,1010,Gesture
-76,-86,1035,Gesture
-72,-83,1022,Gesture
-70,-81,1019,Gesture
-69,-69,1031,Gesture
-69,-66,1025,Gesture
-64,-42,1032,Gesture
-43,-83,1023,Gesture
-64,-59,1020,Gesture
-67,-48,1035,Gesture
-60,-44,1046,Gesture
-66,-6,1043,Gesture
-57,-6,1019,Gesture
-63,6,1026,Gesture
-48,-5,1028,Gesture
-42,27,1061,Gesture
-49,19,1028,Gesture
-43,51,1061,Gesture
-51,55,1041,Gesture
-58,94,1040,Gesture
-64,81,1067,Gesture
-70,73,1049,Gesture
-52,67,1038,Gesture
-57,102,1058,Gesture
-58,145,1061,Gesture
-70,198,1088,Gesture
-40,228,1100,Gesture
-16,291,1094,Gesture
-63,327,1085,Gesture
-88,400,1086,Gesture
-84,379,1088,Gesture
-90,370,1080,Gesture
-66,394,1082,Gesture
-84,426,1094,Gesture
-87,423,1094,Gesture
-16,469,1121,Gesture
-34,543,1125,Gesture
-52,618,1128,Gesture
-51,649,1188,Gesture
-88,666,1158,Gesture
-52,700,1149,Gesture
-69,643,1140,Gesture
3,672,1154,Gesture
56,627,1086,Gesture
123,438,1089,Gesture
182,265,1092,Gesture
198,4,1037,Gesture
84,-324,1001,Gesture
48,-420,977,Gesture
-39,-389,1044,Gesture
-33,-428,924,Gesture
-16,-399,932,Gesture
18,-720,1016,Gesture
33,-785,1001,Gesture
84,-761,948,Gesture
191,-701,839,Gesture
116,-738,828,Gesture
108,-920,855,Gesture
128,-1125,813,Gesture
65,-1265,860,Gesture
51,-1262,885,Gesture
44,-1143,854,Gesture
98,-1074,882,Gesture
203,-969,864,Gesture
159,-792,882,Gesture
75,-605,891,Gesture
66,-497,879,Gesture
30,-437,941,Gesture
0,-458,989,Gesture
-28,-435,1011,Gesture
-48,-419,1031,Gesture
-58,-383,1038,Gesture
-33,-260,1023,Gesture
-31,-197,1022,Gesture
26,-192,1002,Gesture
